strain	date
J02176|A/WSN/1933	1956-XX-XX
CY021709|A/AA/Huston/1945	1968-XX-XX
CY020285|A/AA/Marton/1943	1966-XX-XX
CY025381|A/Alabama/UR06_0455/2007	2007-02-28
CY027411|A/Alabama/UR06_0536/2007	2007-03-06
EU716540|A/Alaska/02/2008	2008-01-16
EU716555|A/Alaska/03/2008	2008-01-18
FJ687001|A/Alaska/05/2008	2008-12-10
EU516254|A/Alaska/11/2007	2007-12-03
EU516256|A/Alaska/13/2007	2007-12-04
CY019955|A/Alaska/1935	1958-XX-XX
CY021821|A/Albany/12/1951	1974-XX-XX
CY022093|A/Albany/13/1951	1974-XX-XX
CY022021|A/Albany/14/1951	1974-XX-XX
CY021901|A/Albany/1618/1951	1974-XX-XX
CY021797|A/Albany/20/1978	1978-XX-XX
CY019947|A/Albany/4835/1948	1971-XX-XX
CY021701|A/Albany/4836/1950	1973-XX-XX
CY026411|A/Albany/8/1979	1979-XX-XX
S62154|A/Alma_Ata/1417/84	1984-XX-XX
EU516243|A/Arizona/03/2007	2007-12-06
EU566991|A/Arizona/04/2007	2007-11-14
EU516246|A/Arizona/07/2007	2007-12-02
FJ179358|A/Arizona/13/2007	2007-12-12
FJ686985|A/Arizona/13/2008	2008-11-16
FJ686949|A/Arizona/13/2008	2008-11-16
CY019963|A/Arizona/14/1978	1978-XX-XX
FJ179359|A/Arizona/14/2007	2007-12-12
EU566966|A/Arizona/15/2007	2007-12-22
EU199351|A/Arkansas/01/2007	2007-07-19
EU199356|A/Arkansas/01/2007	2007-07-19
CY022149|A/Auckland/579/2000	2000-08-30
CY022157|A/Auckland/580/2000	2000-09-06
CY022165|A/Auckland/581/2000	2000-09-05
CY022173|A/Auckland/582/2000	2000-11-09
CY025026|A/Auckland/584/2000	2000-09-13
CY026155|A/Auckland/585/2000	2000-09-15
CY022485|A/Auckland/586/2000	2000-09-20
CY022493|A/Auckland/587/2000	2000-09-19
CY022509|A/Auckland/590/2000	2000-09-26
CY023010|A/Auckland/591/2000	2000-10-02
CY023018|A/Auckland/595/2000	2000-11-03
CY025034|A/Auckland/597/2000	2000-10-30
CY022533|A/Auckland/605/2001	2001-07-05
CY022541|A/Auckland/606/2001	2001-07-23
CY022581|A/Auckland/619/2005	2005-07-01
HM144111|A/Azarbayejan_Sharghi/147/2005	2005-12-31
HM144112|A/Azarbayejan_Sharghi/179/2006	2006-01-17
HM144113|A/Azarbayejan_Sharghi/181/2006	2006-01-18
HM144114|A/Azarbayejan_Sharghi/150/2006	2006-01-10
HM144115|A/Azarbayejan_Sharghi/153/2006	2006-01-08
HM144116|A/Azarbayejan_Sharghi/155/2006	2006-01-10
FJ231776|A/Baden_Wuerttemberg/3/2006	2006-XX-XX
FJ231777|A/Baden_Wuerttemberg/4/2006	2006-XX-XX
FJ231778|A/Baden_Wuerttemberg/5/2006	2006-XX-XX
CY125108|A/Bangkok/163/2000	2000-XX-XX
JX477157|A/Bangkok/163/2000	2000-XX-XX
CY242091|A/Bayern/7/1995	1995-XX-XX
CY010364|A/Baylor/11515/1982	1982-XX-XX
CY009620|A/Baylor/11735/1982	1982-XX-XX
CY021029|A/Baylor/4052/1981	1981-XX-XX
CY033614|A/Beijing/262/1995	1995-XX-XX
AY289928|A/Beijing/262/95	1995-XX-XX
CY009276|A/Bel/1942	1965-XX-XX
CY146769|A/Bellamy/JY2/1942	1965-XX-XX
FJ231781|A/Berlin/13/2006	2006-XX-XX
FJ231779|A/Berlin/6/2006	2006-XX-XX
FJ231762|A/Berlin/60/2005	2005-XX-XX
FJ231780|A/Berlin/9/2006	2006-XX-XX
CY096811|A/bh/1935	1958-XX-XX
CY147326|A/BH/JY2/1935	1958-XX-XX
CY044484|A/Boston/12/2007	2007-12-04
CY044373|A/Boston/26/2008	2008-02-03
CY044532|A/Boston/27/2008	2008-02-04
CY044556|A/Boston/34/2008	2008-02-09
CY044564|A/Boston/35/2008	2008-02-12
CY044660|A/Boston/49/2008	2008-02-20
CY044684|A/Boston/52/2008	2008-02-23
FJ231782|A/Brandenburg/1/2006	2006-XX-XX
CY020293|A/Brazil/11/1978	1978-XX-XX
CY125116|A/Brazil/74200/2000	2000-XX-XX
FJ231763|A/Bremen/4/2005	2005-XX-XX
FJ231764|A/Bremen/5/2005	2005-XX-XX
CY163832|A/Brisbane/59/2007	2007-XX-XX
CY163856|A/Brisbane/59/2007	2007-XX-XX
CY163824|A/Brisbane/59/2007	2007-XX-XX
CY163864|A/Brisbane/59/2007	2007-XX-XX
KF009550|A/Brisbane/59/2007	2007-07-01
CY058487|A/Brisbane/59/2007	2007-XX-XX
CY163776|A/Brisbane/59/2007	2007-XX-XX
CY163576|A/Brisbane/59/2007	2007-XX-XX
CY163792|A/Brisbane/59/2007	2007-XX-XX
CY163560|A/Brisbane/59/2007	2007-XX-XX
CY163552|A/Brisbane/59/2007	2007-XX-XX
CY163672|A/Brisbane/59/2007	2007-XX-XX
CY163600|A/Brisbane/59/2007	2007-XX-XX
CY163760|A/Brisbane/59/2007	2007-XX-XX
CY163784|A/Brisbane/59/2007	2007-XX-XX
CY163528|A/Brisbane/59/2007	2007-XX-XX
CY163752|A/Brisbane/59/2007	2007-XX-XX
CY163816|A/Brisbane/59/2007	2007-XX-XX
CY163544|A/Brisbane/59/2007	2007-XX-XX
CY163640|A/Brisbane/59/2007	2007-XX-XX
CY163624|A/Brisbane/59/2007	2007-XX-XX
CY163608|A/Brisbane/59/2007	2007-XX-XX
CY163616|A/Brisbane/59/2007	2007-XX-XX
CY163536|A/Brisbane/59/2007	2007-XX-XX
CY163512|A/Brisbane/59/2007	2007-XX-XX
CY163848|A/Brisbane/59/2007	2007-XX-XX
CY163808|A/Brisbane/59/2007	2007-XX-XX
CY163568|A/Brisbane/59/2007	2007-XX-XX
CY163520|A/Brisbane/59/2007	2007-XX-XX
CY163584|A/Brisbane/59/2007	2007-XX-XX
CY163632|A/Brisbane/59/2007	2007-XX-XX
CY163800|A/Brisbane/59/2007	2007-XX-XX
CY163768|A/Brisbane/59/2007	2007-XX-XX
CY163840|A/Brisbane/59/2007	2007-XX-XX
CY163592|A/Brisbane/59/2007	2007-XX-XX
CY030232|A/Brisbane/59/2007	2007-07-01
CY030230|A/Brisbane/59/2007	2007-07-01
JN899402|A/Brisbane/59/2007	2007-XX-XX
EU516296|A/California/02/2007	2007-01-29
EU199349|A/California/03/2007	2007-01-23
EU199352|A/California/04/2007	2007-01-25
EU199354|A/California/05/2007	2007-01-29
EU779631|A/California/05/2008	2008-01-15
EU779632|A/California/06/2008	2008-02-06
FJ532076|A/California/07/2008	2008-09-04
EU199348|A/California/09/2006	2006-12-14
CY021717|A/California/10/1978	1978-XX-XX
EU716569|A/California/10/2006	2006-12-06
GQ475749|A/California/11/2008	2008-11-28
EU716572|A/California/26/2007	2007-01-13
EU516299|A/California/27/2007	2007-10-24
EU516096|A/California/28/2007	2007-10-02
EU516291|A/California/39/2007	2007-12-05
EU516294|A/California/40/2007	2007-12-03
CY028724|A/California/45/1978	1978-XX-XX
CY027843|A/California/UR06_0125/2007	2007-01-30
CY026355|A/California/UR06_0232/2007	2007-02-09
CY026531|A/California/UR06_0302/2007	2007-02-14
CY026763|A/California/UR06_0321/2007	2007-02-16
CY026315|A/California/UR06_0374/2007	2007-02-20
CY026675|A/California/UR06_0375/2007	2007-02-20
CY026539|A/California/UR06_0393/2007	2007-02-21
CY025373|A/California/UR06_0435/2007	2007-02-26
CY041450|A/California/UR06_0439/2007	2007-02-26
CY027891|A/California/UR06_0440/2007	2007-02-27
CY028459|A/California/UR06_0442/2007	2007-02-26
CY028307|A/California/UR06_0479/2007	2007-03-01
CY028467|A/California/UR06_0552/2007	2007-03-08
CY027355|A/California/UR06_0564/2007	2007-03-07
CY027211|A/California/UR06_0585/2007	2007-03-09
CY009596|A/Cam/46	1969-XX-XX
FJ375205|A/Cambodia/0371/2007	2007-08-09
FJ375206|A/Cambodia/0374/2007	2007-08-10
FJ743471|A/Cambodia/21/2007	2007-10-01
FJ375207|A/Cambodia/365/2007	2007-08-21
FJ375208|A/Cambodia/502/2007	2007-08-27
CY147350|A/Cameron/JY2/1946	1969-XX-XX
CY125196|A/Canada/591/2004	2004-XX-XX
CY010396|A/Canterbury/01/2001	2001-01-09
CY019205|A/Canterbury/05/2001	2001-06-03
CY009860|A/Canterbury/08/2001	2001-06-05
CY010132|A/Canterbury/100/2000	2000-08-29
CY010476|A/Canterbury/106/2001	2001-07-28
CY007467|A/Canterbury/106/2004	2004-09-12
CY010308|A/Canterbury/119/2001	2001-08-02
CY010316|A/Canterbury/125/2001	2001-08-05
CY010324|A/Canterbury/126/2001	2001-08-05
CY010332|A/Canterbury/139/2001	2001-08-10
CY010340|A/Canterbury/144/2001	2001-07-27
CY011088|A/Canterbury/152/2001	2001-08-16
CY009980|A/Canterbury/153/2001	2001-08-14
CY010348|A/Canterbury/155/2001	2001-08-14
CY009876|A/Canterbury/16/2001	2001-06-25
CY010148|A/Canterbury/17/2001	2001-06-25
CY010156|A/Canterbury/19/2001	2001-06-25
CY010764|A/Canterbury/20/2001	2001-06-20
CY010164|A/Canterbury/21/2001	2001-07-02
CY010772|A/Canterbury/22/2001	2001-06-28
CY009756|A/Canterbury/23/2000	2000-08-03
CY010172|A/Canterbury/23/2001	2001-06-28
CY010180|A/Canterbury/24/2001	2001-07-02
CY010188|A/Canterbury/25/2001	2001-07-02
CY011408|A/Canterbury/26/2001	2001-06-29
CY010100|A/Canterbury/27/2000	2000-08-14
CY010196|A/Canterbury/27/2001	2001-07-05
CY009188|A/Canterbury/28/2000	2000-08-15
CY010204|A/Canterbury/29/2001	2001-07-05
CY009180|A/Canterbury/30/2000	2000-08-16
CY010212|A/Canterbury/30/2001	2001-07-04
CY009220|A/Canterbury/32/2000	2000-08-17
CY009228|A/Canterbury/34/2000	2000-08-22
CY010220|A/Canterbury/34/2001	2001-07-10
CY010228|A/Canterbury/35/2001	2001-07-07
CY009196|A/Canterbury/36/2000	2000-08-22
CY009532|A/Canterbury/37/2000	2000-08-27
CY010236|A/Canterbury/40/2001	2001-07-09
CY009828|A/Canterbury/41/2000	2000-08-23
CY009884|A/Canterbury/41/2001	2001-07-10
CY010780|A/Canterbury/42/2001	2001-07-10
CY010092|A/Canterbury/43/2000	2000-08-31
CY010244|A/Canterbury/45/2001	2001-07-11
CY010252|A/Canterbury/47/2001	2001-07-11
CY011776|A/Canterbury/48/2000	2000-07-27
CY010260|A/Canterbury/48/2001	2001-07-11
CY009540|A/Canterbury/5/2000	2000-06-20
CY010108|A/Canterbury/51/2000	2000-07-24
CY010412|A/Canterbury/51/2001	2001-07-04
CY010268|A/Canterbury/53/2001	2001-07-09
CY010124|A/Canterbury/54/2000	2000-09-06
CY010556|A/Canterbury/54/2001	2001-07-11
CY011784|A/Canterbury/55/2000	2000-09-04
CY009844|A/Canterbury/57/2000	2000-09-04
CY010116|A/Canterbury/58/2000	2000-08-30
CY010276|A/Canterbury/58/2001	2001-07-13
CY009820|A/Canterbury/60/2000	2000-09-06
CY011080|A/Canterbury/60/2001	2001-07-17
CY010388|A/Canterbury/63/2000	2000-09-06
CY010420|A/Canterbury/63/2001	2001-07-16
CY010284|A/Canterbury/64/2001	2001-07-20
CY009548|A/Canterbury/65/2000	2000-09-02
CY010428|A/Canterbury/65/2001	2001-07-19
CY009956|A/Canterbury/66/2001	2001-07-19
CY010436|A/Canterbury/68/2001	2001-07-18
CY010444|A/Canterbury/69/2001	2001-07-17
CY009764|A/Canterbury/7/2000	2000-07-20
CY010452|A/Canterbury/70/2001	2001-07-17
CY010460|A/Canterbury/71/2001	2001-07-17
CY010292|A/Canterbury/72/2001	2001-07-16
CY010300|A/Canterbury/73/2001	2001-07-18
CY009964|A/Canterbury/74/2001	2001-07-04
CY009788|A/Canterbury/76/2000	2000-09-18
CY009972|A/Canterbury/76/2001	2001-07-16
CY009812|A/Canterbury/78/2000	2000-09-26
CY009796|A/Canterbury/79/2000	2000-09-21
CY010468|A/Canterbury/79/2001	2001-07-18
CY010380|A/Canterbury/8/2000	2000-07-18
CY009804|A/Canterbury/87/2000	2000-09-27
CY009940|A/Canterbury/9/2000	2000-07-17
CY010140|A/Canterbury/95/2000	2000-10-22
CY121261|A/Chile/1/1983	1983-XX-XX
CY020437|A/Chile/1/1983	1983-XX-XX
CY125132|A/Chile/4795/2000	2000-XX-XX
CY125140|A/Chile/8885/2001	2001-XX-XX
JX477158|A/Chile/8885/2001	2001-XX-XX
X17221|A/CHR/157/83	1983-XX-XX
CY021037|A/Christs_Hospital/157/1982	1982-XX-XX
CY125188|A/Christchurch/1/2003	2003-XX-XX
CY125156|A/Christchurch/4/2001	2001-XX-XX
EU716526|A/Colorado/01/2008	2008-01-07
GQ475704|A/Colorado/08/2008	2008-12-06
GQ475780|A/Colorado/17/2008	2008-12-09
EU516252|A/Colorado/21/2007	2007-11-12
EU516018|A/Colorado/21/2007	2007-11-12
EU516244|A/Colorado/25/2007	2007-10-15
EU516259|A/Colorado/26/2007	2007-10-31
EU516248|A/Colorado/27/2007	2007-11-06
EU516302|A/Colorado/33/2007	2007-12-06
EU716538|A/Colorado/39/2007	2007-12-09
CY026523|A/Colorado/UR06_0053/2007	2007-01-22
CY026579|A/Colorado/UR06_0110/2007	2007-01-30
CY025827|A/Colorado/UR06_0111/2007	2007-01-30
CY025405|A/Colorado/UR06_0207/2007	2007-02-07
CY025333|A/Colorado/UR06_0255/2007	2007-02-12
CY026779|A/Colorado/UR06_0287/2007	2007-02-13
CY026819|A/Colorado/UR06_0336/2007	2007-02-16
CY096851|A/Colorado/UR06_0495/2007	2007-03-01
CY027899|A/Colorado/UR06_0496/2007	2007-03-01
CY026235|A/Colorado/UR06_0498/2007	2007-03-05
CY027227|A/Colorado/UR06_0499/2007	2007-03-05
CY100972|A/Cusco/WRAIR1730P/2008	2008-08-20
CY104878|A/DaNang/DN238/2008	2008-07-02
CY104556|A/DaNang/DN302/2008	2008-08-19
CY104886|A/DaNang/DN329/2008	2008-09-05
CY104894|A/DaNang/DN345/2008	2008-09-17
CY104902|A/DaNang/DN364/2008	2008-09-30
CY104910|A/DaNang/DN365/2008	2008-09-30
CY104918|A/DaNang/DN431/2008	2008-11-10
CY104926|A/DaNang/DN432/2008	2008-11-11
CY104934|A/DaNang/DN467/2008	2008-12-03
CY104942|A/DaNang/DN479/2008	2008-12-15
FJ687024|A/Delaware/01/2008	2008-10-30
FJ264945|A/Denmark/01/2008	2008-XX-XX
FJ264944|A/Denmark/02/2008	2008-XX-XX
FJ264940|A/Denmark/04/2008	2008-XX-XX
FJ264941|A/Denmark/05/2008	2008-XX-XX
FJ264943|A/Denmark/06/2008	2008-XX-XX
EU097936|A/Denmark/11/2001	2001-XX-XX
EU097945|A/Denmark/11/2005	2005-XX-XX
FJ264942|A/Denmark/11/2008	2008-XX-XX
EU097954|A/Denmark/110/2005	2005-XX-XX
EU097944|A/Denmark/116/2005	2005-XX-XX
FJ264950|A/Denmark/122/2008	2008-02-13
EU097937|A/Denmark/14/2001	2001-XX-XX
EU097953|A/Denmark/15/2004	2004-XX-XX
EU097938|A/Denmark/16/2001	2001-XX-XX
EU097948|A/Denmark/16/2004	2004-XX-XX
EU097939|A/Denmark/17/2001	2001-XX-XX
EU097943|A/Denmark/17/2004	2004-XX-XX
EU097940|A/Denmark/20/2001	2001-XX-XX
EU097951|A/Denmark/22/2005	2005-XX-XX
FJ264946|A/Denmark/22/2007	2007-XX-XX
EU097947|A/Denmark/226/2005	2005-XX-XX
EU097934|A/Denmark/3/2001	2001-XX-XX
EU097950|A/Denmark/3/2005	2005-XX-XX
EU097949|A/Denmark/33/2005	2005-XX-XX
EU097941|A/Denmark/36/2001	2001-XX-XX
EU097942|A/Denmark/40/2000	2000-XX-XX
EU097933|A/Denmark/40/2001	2001-XX-XX
EU097956|A/Denmark/47/2006	2006-XX-XX
EU097957|A/Denmark/48/2006	2006-XX-XX
EU097958|A/Denmark/49/2006	2006-XX-XX
EU097955|A/Denmark/50/2006	2006-XX-XX
FJ264949|A/Denmark/52/2008	2008-XX-XX
EU097946|A/Denmark/54/2005	2005-XX-XX
EU097935|A/Denmark/6/2001	2001-XX-XX
EU097952|A/Denmark/79/2005	2005-XX-XX
FJ264947|A/Denmark/94/2008	2008-XX-XX
CY008988|A/Denver/1/1957	1980-XX-XX
CY146793|A/Denver/JY2/1957	1980-XX-XX
CY038762|A/District_of_Columbia/WRAMC_1154047/2008	2008-02-01
CY054554|A/Dornogobi/1726/2007	2007-02-27
CY011584|A/Dunedin/2/2000	2000-02-11
CY125662|A/England/192/2000	2000-XX-XX
CY125663|A/England/192/2000	2000-XX-XX
FJ445028|A/England/26/2008	2008-01-09
FJ445027|A/England/493/2006	2006-04-10
FJ445085|A/England/494/2006	2006-04-11
FJ445044|A/England/545/2007	2007-07-28
FJ445089|A/England/557/2007	2007-11-15
FJ445073|A/England/593/2006	2006-03-24
FJ445047|A/England/594/2006	2006-03-31
FJ445090|A/England/654/2007	2007-12-31
FJ654338|A/England/684/2007	2007-XX-XX
HM144117|A/Esfahan/708/2008	2008-02-07
AJ289702|A/Fiji/15899/83	1983-XX-XX
EU716574|A/Florida/02/2008	2008-01-04
EU516097|A/Florida/05/2007	2007-11-01
EU887027|A/Florida/06/2008	2008-01-11
EU100703|A/Florida/08/2006	2006-12-19
EU779610|A/Florida/08/2008	2008-01-07
EU100704|A/Florida/09/2006	2006-12-14
EU779615|A/Florida/09/2008	2008-02-06
EU516250|A/Florida/10/2007	2007-12-10
EU516293|A/Florida/12/2007	2007-12-04
EU887022|A/Florida/13/2007	2007-12-16
EU887023|A/Florida/15/2007	2007-12-16
EU516298|A/Florida/15/2007	2007-12-16
FJ532095|A/Florida/17/2008	2008-08-27
FJ549028|A/Florida/17/2008	2008-08-27
FJ686987|A/Florida/18/2008	2008-10-25
EU716585|A/Florida/19/2007	2007-12-28
EU716621|A/Florida/19/2007	2007-XX-XX
GQ475642|A/Florida/19/2008	2008-10-31
FJ686965|A/Florida/19/2008	2008-10-31
CY125044|A/Florida/2/1993	1993-XX-XX
JX477159|A/Florida/2/1993	1993-XX-XX
FJ687013|A/Florida/21/2008	2008-11-03
FJ686993|A/Florida/24/2008	2008-XX-XX
GQ475771|A/Florida/28/2008	2008-12-16
EU516297|A/Florida/3/2006	2006-10-31
CY027099|A/Florida/UR06_0049/2007	2007-01-22
CY027315|A/Florida/UR06_0208/2007	2007-02-07
CY028339|A/Florida/UR06_0209/2007	2007-02-07
CY037447|A/Florida/UR06_0265/2007	2007-02-13
CY025771|A/Florida/UR06_0280/2007	2007-02-14
CY026323|A/Florida/UR06_0354/2007	2007-02-20
CY025533|A/Florida/UR06_0355/2007	2007-02-20
CY025779|A/Florida/UR06_0383/2007	2007-02-21
CY026723|A/Florida/UR06_0412/2007	2007-02-26
CY027611|A/Florida/UR06_0447/2007	2007-02-27
CY026659|A/Florida/UR06_0501/2007	2007-03-05
CY026547|A/Florida/UR06_0577/2007	2007-03-13
CY027627|A/Florida/UR06_0578/2007	2007-03-13
CY037679|A/Florida/UR07_0022/2008	2008-02-14
CY038807|A/Florida/UR07_0026/2008	2008-02-15
CY147374|A/FLW/1951	1974-XX-XX
CY147342|A/Fort_Monmouth/1_JY2/1947	1970-XX-XX
CY087784|A/Fort_Monmouth/1_MA/1947	1970-06-01
CY009612|A/Fort_Monmouth/1/1947	1970-XX-XX
U02085|A/Fort_Monmouth/1/1947	1970-XX-XX
CY045780|A/Fort_Monmouth/1/1947	1970-XX-XX
CY009332|A/Fort_Warren/1/1950	1973-XX-XX
CY147334|A/Fort_Warren/50_JY2/1950	1973-XX-XX
CY125124|A/Fujian/156/2000	2000-XX-XX
JX477156|A/Fujian/156/2000	2000-XX-XX
EU516109|A/Georgia/03/2007	2007-01-30
EU779629|A/Georgia/05/2008	2008-02-09
EU779630|A/Georgia/06/2008	2008-02-06
EU516092|A/Georgia/08/2007	2007-10-03
GQ466386|A/Georgia/08/2008	2008-01-23
HM144118|A/Gholestan/215/2006	2006-01-23
EU382986|A/Guangzhou/1561/2006	2006-XX-XX
EU382987|A/Guangzhou/1684/2006	2006-XX-XX
EU382981|A/Guangzhou/483/2006	2006-XX-XX
EU382982|A/Guangzhou/506/2006	2006-XX-XX
EU382983|A/Guangzhou/555/2006	2006-XX-XX
EU382984|A/Guangzhou/657/2006	2006-XX-XX
EU382985|A/Guangzhou/665/2006	2006-XX-XX
CY043409|A/Gunma/07G002/2008	2008-01-05
CY043417|A/Gunma/07G006/2008	2008-01-28
FJ231765|A/Hamburg/1/2005	2005-XX-XX
HM144120|A/Hamedan/117/2007	2007-11-25
HM144119|A/Hamedan/7/2005	2005-02-23
CY103972|A/HaNoi/2017/2001	2001-XX-XX
CY104686|A/HaNoi/2143/2001	2001-XX-XX
CY103980|A/HaNoi/2253/2001	2001-XX-XX
CY103988|A/HaNoi/2476/2001	2001-XX-XX
CY104694|A/HaNoi/2480/2001	2001-XX-XX
CY103996|A/HaNoi/2532/2001	2001-XX-XX
CY104004|A/HaNoi/2546/2002	2002-XX-XX
CY104012|A/HaNoi/2704/2002	2002-XX-XX
CY105198|A/HaNoi/ARI172/2003	2003-XX-XX
CY104702|A/HaNoi/ARI36/2003	2003-XX-XX
CY105222|A/HaNoi/BM857/2003	2003-XX-XX
CY105230|A/HaNoi/BM862/2003	2003-XX-XX
CY104710|A/HaNoi/BM870/2003	2003-09-19
CY104718|A/HaNoi/BM893/2003	2003-10-10
CY104020|A/HaNoi/BM898/2003	2003-10-14
CY104726|A/HaNoi/BM902/2003	2003-10-16
CY104734|A/HaNoi/BM910/2003	2003-10-27
CY104742|A/HaNoi/BM945/2003	2003-12-04
CY104028|A/HaNoi/BM949/2003	2003-12-10
CY104750|A/HaNoi/BM959/2003	2003-12-19
CY104870|A/HaNoi/BT241/2008	2008-07-29
CY104036|A/HaNoi/HN1004/2003	2003-12-17
CY104758|A/HaNoi/HN1017/2003	2003-12-22
CY104044|A/HaNoi/HN1024/2003	2003-12-24
CY104766|A/HaNoi/HN337/2003	2003-01-26
CY104774|A/HaNoi/HN603/2003	2003-07-08
CY104052|A/HaNoi/HN719/2003	2003-08-26
CY104782|A/HaNoi/HN756/2003	2003-09-12
CY104790|A/HaNoi/HN777/2003	2003-09-22
CY104798|A/HaNoi/HN859/2003	2003-10-24
CY104060|A/HaNoi/HN867/2003	2003-10-28
CY104806|A/HaNoi/HN979/2003	2003-12-09
CY104814|A/HaNoi/HN981/2003	2003-12-09
CY104822|A/Hanoi/ISBM31/2005	2005-04-08
CY105118|A/HaNoi/N229/2008	2008-07-24
CY104276|A/Hanoi/Q137/2006	2006-03-07
CY104830|A/Hanoi/Q177/2006	2006-03-15
CY104838|A/HaNoi/Q421/2006	2006-06-19
CY104846|A/HaNoi/Q555/2006	2006-08-02
CY104284|A/HaNoi/Q580/2006	2006-08-09
CY104292|A/HaNoi/Q591/2006	2006-08-14
CY105134|A/HaNoi/TX200/2008	2008-06-27
CY105142|A/HaNoi/TX222/2008	2008-07-10
CY105150|A/HaNoi/TX233/2008	2008-07-16
EU851979|A/Hawaii/01/2008	2008-01-01
EU851981|A/Hawaii/02/2008	2008-01-17
EU779619|A/Hawaii/05/2008	2008-01-29
EU779620|A/Hawaii/06/2008	2008-01-25
EU516057|A/Hawaii/15/2007	2007-08-20
EU516059|A/Hawaii/16/2007	2007-08-21
EU516060|A/Hawaii/17/2007	2007-08-22
EU516084|A/Hawaii/18/2007	2007-10-19
EU516079|A/Hawaii/19/2007	2007-10-03
EU516087|A/Hawaii/19/2007	2007-10-03
FJ549058|A/Hawaii/19/2008	2008-10-15
EU516085|A/Hawaii/20/2007	2007-10-25
GQ475840|A/Hawaii/20/2008	2008-10-18
FJ686968|A/Hawaii/20/2008	2008-10-18
FJ686969|A/Hawaii/20/2008	2008-10-18
EU516080|A/Hawaii/21/2007	2007-10-22
FJ687033|A/Hawaii/21/2008	2008-10-25
FJ549045|A/Hawaii/21/2008	2008-10-25
EU516095|A/Hawaii/28/2007	2007-10-22
EU516093|A/Hawaii/28/2007	2007-10-22
EU516078|A/Hawaii/31/2007	2007-10-01
EU516017|A/Hawaii/31/2007	2007-10-01
EU516082|A/Hawaii/35/2007	2007-10-10
EU567019|A/Hawaii/38/2007	2007-11-14
EU516249|A/Hawaii/38/2007	2007-11-14
GQ475678|A/Hawaii/38/2008	2008-12-01
FJ687015|A/Hawaii/38/2008	2008-12-01
EU887019|A/Hawaii/39/2007	2007-11-07
EU516242|A/Hawaii/39/2007	2007-11-07
GQ466379|A/Hawaii/41/2008	2008-10-21
EU716603|A/Hawaii/42/2007	2007-11-02
GQ466367|A/Hawaii/42/2008	2008-10-20
EU716601|A/Hawaii/43/2007	2007-11-14
EU716570|A/Hawaii/44/2007	2007-12-11
EU716531|A/Hawaii/45/2007	2007-12-16
EU779612|A/Hawaii/46/2007	2007-12-04
FJ686951|A/Hawaii/46/2008	2008-11-10
GQ466383|A/Hawaii/55/2008	2008-12-20
GQ475754|A/Hawaii/58/2008	2008-12-17
GQ475707|A/Hawaii/59/2008	2008-XX-XX
CY020445|A/Henry/1936	1959-XX-XX
FJ231766|A/Hessen/4/2005	2005-XX-XX
CY013271|A/Hickox/1940	1963-XX-XX
CY146777|A/Hickox/JY2/1940	1963-XX-XX
DQ397950|A/Hiroshima/37/2001	2001-XX-XX
CY105158|A/HoChiMinh/HCM395/2006	2006-04-28
CY105166|A/HoChiMinh/HCM526/2006	2006-05-21
CY104662|A/HoChiMinh/HCM554/2006	2006-05-31
CY105174|A/HoChiMinh/HCM639/2006	2006-06-13
CY043425|A/Hokkaido/07H007/2007	2007-12-12
AF386778|A/Hong_Kong/1035/98	1998-XX-XX
AF386777|A/Hong_Kong/1035/98	1998-XX-XX
AF386776|A/Hong_Kong/1035/98	1998-XX-XX
AF386775|A/Hong_Kong/1131/98	1998-XX-XX
AF386780|A/Hong_Kong/1134/98	1998-XX-XX
AF386781|A/Hong_Kong/1134/98	1998-XX-XX
CY009292|A/Hong_Kong/117/1977	1977-XX-XX
CY121648|A/Hong_Kong/1870/2008	2008-XX-XX
CY125204|A/Hong_Kong/2637/2004	2004-XX-XX
CY087278|A/Hong_Kong/62768/2008	2008-XX-XX
EU516329|A/HongKong/CUHK_13003/2002	2002-XX-XX
CY104950|A/Hue/H257/2008	2008-07-14
CY104958|A/Hue/H259/2008	2008-07-15
CY104966|A/Hue/H274/2008	2008-07-25
CY104974|A/Hue/H339/2008	2008-09-17
CY104571|A/Hue/H354/2008	2008-09-30
CY104982|A/Hue/H386/2008	2008-10-20
CY104990|A/Hue/H396/2008	2008-10-30
CY104998|A/Hue/H400/2008	2008-11-03
CY105006|A/Hue/H409/2008	2008-11-05
CY105022|A/Hue/H413/2008	2008-11-07
CY105030|A/Hue/H414/2008	2008-11-10
CY105038|A/Hue/H418/2008	2008-11-11
CY105046|A/Hue/H423/2008	2008-11-13
CY105054|A/Hue/H432/2008	2008-11-19
CY104579|A/Hue/H433/2008	2008-11-19
CY105062|A/Hue/H435/2008	2008-11-20
CY105070|A/Hue/H436/2008	2008-11-20
CY105014|A/Hue/H441/2008	2008-XX-XX
CY105078|A/Hue/H442/2008	2008-11-25
CY104587|A/Hue/H445/2008	2008-12-01
CY104595|A/Hue/H485/2008	2008-12-27
CY043433|A/Hyogo/07K030/2007	2007-12-18
EU887031|A/Idaho/01/2008	2008-01-22
EU716571|A/Idaho/02/2008	2008-01-22
EU516142|A/Idaho/06/2007	2007-XX-XX
FJ532072|A/Idaho/09/2008	2008-02-28
EU516058|A/Idaho/11/2007	2007-09-18
FJ686971|A/Idaho/23/2008	2008-12-24
EU199308|A/Illinois/01/2006	2006-12-11
EU779634|A/Illinois/06/2008	2008-03-11
EU516257|A/Illinois/10/2007	2007-12-12
EU516237|A/Illinois/11/2007	2007-12-13
EU516239|A/Illinois/13/2007	2007-12-16
GQ475641|A/Illinois/15/2007	2007-12-23
FJ687025|A/Illinois/15/2008	2008-11-20
GQ475631|A/Illinois/16/2007	2007-12-28
FJ686995|A/Illinois/16/2008	2008-11-27
EU566981|A/Illinois/17/2007	2007-12-12
FJ687003|A/Illinois/17/2008	2008-11-26
CY025245|A/Illinois/UR006_018/2007	2007-01-04
CY025237|A/Illinois/UR06_0019/2007	2007-01-05
CY027803|A/Illinois/UR06_0032/2007	2007-01-16
CY027819|A/Illinois/UR06_0074/2007	2007-01-25
CY027667|A/Illinois/UR06_0088/2007	2007-01-26
CY028067|A/Illinois/UR06_0093/2007	2007-01-29
CY027435|A/Illinois/UR06_0094/2007	2007-01-29
CY026971|A/Illinois/UR06_0095/2007	2007-01-29
CY028347|A/Illinois/UR06_0096/2007	2007-01-29
CY027363|A/Illinois/UR06_0098/2007	2007-01-29
CY027483|A/Illinois/UR06_0115/2007	2007-01-30
CY027275|A/Illinois/UR06_0116/2007	2007-01-30
CY027699|A/Illinois/UR06_0131/2007	2007-01-31
CY027395|A/Illinois/UR06_0136/2007	2007-02-01
CY027091|A/Illinois/UR06_0137/2007	2007-02-01
CY027043|A/Illinois/UR06_0146/2007	2007-02-01
CY028419|A/Illinois/UR06_0215/2007	2007-02-08
CY026179|A/Illinois/UR06_0223/2007	2007-02-08
CY026691|A/Illinois/UR06_0224/2007	2007-01-06
CY027787|A/Illinois/UR06_0227/2007	2007-02-09
CY025571|A/Illinois/UR06_0248/2007	2007-02-12
CY027347|A/Illinois/UR06_0249/2007	2007-02-12
CY025437|A/Illinois/UR06_0333/2007	2007-02-19
CY026611|A/Illinois/UR06_0376/2007	2007-02-21
CY025325|A/Illinois/UR06_0377/2007	2007-02-21
CY025595|A/Illinois/UR06_0415/2007	2007-02-26
CY025517|A/Illinois/UR06_0456/2007	2007-02-28
CY027907|A/Illinois/UR06_0475/2007	2007-03-01
CY026795|A/Illinois/UR06_0491/2007	2007-03-01
CY020453|A/India/6263/1980	1980-XX-XX
EU566975|A/Indiana/01/2008	2008-01-29
EU779625|A/Indiana/04/2008	2008-02-18
EU100706|A/Iowa/02/2006	2006-12-29
EU516241|A/Iowa/04/2007	2007-11-28
CY020461|A/Iowa/1943	1966-XX-XX
DQ889689|A/Iowa/CEID23/2005	2005-XX-XX
CY037335|A/Japan/AF07/2008	2008-01-25
CY125068|A/Johannesburg/159/1997	1997-XX-XX
FJ743452|A/Johannesburg/279/2008	2008-07-22
FJ743464|A/Johannesburg/28/2008	2008-05-29
FJ743454|A/Johannesburg/37/2008	2008-06-10
CY027739|A/Kansas/UR06_0068/2007	2007-01-24
CY028011|A/Kansas/UR06_0084/2007	2007-01-26
CY027835|A/Kansas/UR06_0085/2007	2007-01-26
CY031551|A/Kansas/UR06_0102/2007	2007-01-30
CY030069|A/Kansas/UR06_0103/2007	2007-01-30
CY027035|A/Kansas/UR06_0104/2007	2007-01-30
CY025963|A/Kansas/UR06_0140/2007	2007-02-01
CY027851|A/Kansas/UR06_0143/2007	2007-01-30
CY028139|A/Kansas/UR06_0191/2007	2007-02-05
CY028363|A/Kansas/UR06_0192/2007	2007-02-05
CY027427|A/Kansas/UR06_0283/2007	2007-02-12
CY027979|A/Kansas/UR06_0284/2007	2007-02-12
AB671296|A/Kawasaki/173/2001	2001-XX-XX
CY028195|A/Kentucky/UR06_0007/2006	2006-12-06
CY025229|A/Kentucky/UR06_0010/2006	2006-12-18
CY026651|A/Kentucky/UR06_0027/2007	2007-01-12
CY026219|A/Kentucky/UR06_0028/2007	2007-01-12
CY027219|A/Kentucky/UR06_0029/2007	2007-01-12
CY025787|A/Kentucky/UR06_0033/2007	2007-01-15
CY025923|A/Kentucky/UR06_0034/2007	2007-01-16
CY025493|A/Kentucky/UR06_0042/2007	2007-01-18
CY025699|A/Kentucky/UR06_0043/2007	2007-01-18
CY028035|A/Kentucky/UR06_0046/2007	2007-01-19
CY026515|A/Kentucky/UR06_0057/2007	2007-01-23
CY026803|A/Kentucky/UR06_0058/2007	2007-01-23
CY025261|A/Kentucky/UR06_0059/2007	2007-01-23
CY026739|A/Kentucky/UR06_0061/2007	2007-01-22
CY025453|A/Kentucky/UR06_0062/2007	2007-01-23
CY025915|A/Kentucky/UR06_0069/2007	2007-01-24
CY030727|A/Kentucky/UR06_0070/2007	2007-01-24
CY026811|A/Kentucky/UR06_0071/2007	2007-01-24
CY025429|A/Kentucky/UR06_0072/2007	2007-01-24
CY027171|A/Kentucky/UR06_0081/2007	2007-01-25
CY025309|A/Kentucky/UR06_0082/2007	2007-01-26
CY025509|A/Kentucky/UR06_0097/2007	2007-01-29
CY026875|A/Kentucky/UR06_0123/2007	2007-01-30
CY026867|A/Kentucky/UR06_0127/2007	2007-01-31
CY025979|A/Kentucky/UR06_0128/2007	2007-01-31
CY025461|A/Kentucky/UR06_0129/2007	2007-01-30
CY027051|A/Kentucky/UR06_0154/2007	2007-02-02
CY026979|A/Kentucky/UR06_0161/2007	2007-02-05
CY028019|A/Kentucky/UR06_0162/2007	2007-02-05
CY028355|A/Kentucky/UR06_0181/2007	2007-02-06
CY028147|A/Kentucky/UR06_0182/2007	2007-02-06
CY027019|A/Kentucky/UR06_0183/2007	2007-02-06
CY027459|A/Kentucky/UR06_0184/2007	2007-02-06
CY025635|A/Kentucky/UR06_0188/2007	2007-02-05
CY027331|A/Kentucky/UR06_0220/2007	2007-02-08
CY025675|A/Kentucky/UR06_0240/2007	2007-02-12
CY025947|A/Kentucky/UR06_0257/2007	2007-02-13
CY028163|A/Kentucky/UR06_0258/2007	2007-02-13
CY027915|A/Kentucky/UR06_0259/2007	2007-02-13
CY027011|A/Kentucky/UR06_0327/2007	2007-02-16
CY026987|A/Kentucky/UR06_0328/2007	2007-02-16
CY027779|A/Kentucky/UR06_0339/2007	2007-02-19
CY025357|A/Kentucky/UR06_0363/2007	2007-02-20
CY037663|A/Kentucky/UR06_0369/2007	2007-02-21
CY027283|A/Kentucky/UR06_0371/2007	2007-02-21
CY028748|A/Kentucky/UR06_0372/2007	2007-02-21
CY028083|A/Kentucky/UR06_0391/2007	2007-02-22
CY028043|A/Kentucky/UR06_0401/2007	2007-02-23
CY027371|A/Kentucky/UR06_0424/2007	2007-02-26
CY028051|A/Kentucky/UR06_0425/2007	2007-02-26
CY027675|A/Kentucky/UR06_0449/2007	2007-02-27
CY026587|A/Kentucky/UR06_0476/2007	2007-03-01
CY026227|A/Kentucky/UR06_0538/2007	2007-03-07
CY025939|A/Kentucky/UR06_0539/2007	2007-03-07
CY025667|A/Kentucky/UR06_0553/2007	2007-03-08
CY037695|A/Kentucky/UR07_0061/2008	2008-02-20
KX431172|A/Kenya/21/2008	2008-XX-XX
KX431185|A/Kenya/22/2008	2008-XX-XX
KX431175|A/Kenya/23/2008	2008-XX-XX
CY105086|A/KhanhHoa/KH161/2008	2008-05-05
CY105094|A/KhanhHoa/KH321/2008	2008-08-25
CY105102|A/KhanhHoa/KH38/2008	2008-01-24
CY105110|A/KhanhHoa/KH57/2008	2008-02-24
HM144125|A/Khorasan_Jonoobi/511/2008	2008-01-03
HM144121|A/Khorasan/166/2006	2006-01-07
HM144122|A/Khorasan/280/2006	2006-02-02
HM144123|A/Khorasan/512/2008	2008-01-03
HM144124|A/Khorasan/527/2008	2008-01-09
HM144126|A/Khozestan/380/2006	2006-02-12
HM144127|A/Khozestan/459/2006	2006-02-21
M38353|A/Kiev/59/1979	1979-XX-XX
CY125862|A/Kw/1/1957	1980-XX-XX
CY043441|A/Kyoto/07K303/2008	2008-01-21
CY043449|A/Kyoto/07K316/2008	2008-01-28
CY043457|A/Kyoto/07K454/2008	2008-03-03
CY020165|A/Lackland/3/1978	1978-XX-XX
CY020173|A/Lackland/7/1978	1978-XX-XX
M38312|A/Leningrad/1954/1	1977-XX-XX
CY077889|A/Liverpool/1951	1974-XX-XX
CY104654|A/LongAn/HCM504/2006	2006-05-17
CY104670|A/LongAn/HCM665/2006	2006-06-20
EU779611|A/Louisiana/03/2008	2008-01-13
CY021053|A/Malaya/302/1954	1977-XX-XX
CY117691|A/Malaysia/06768/1995	1995-05-16
CY119066|A/Malaysia/11641/1997	1997-01-16
CY119074|A/Malaysia/11642/1997	1997-01-16
CY117744|A/Malaysia/12530/1997	1997-05-07
CY119098|A/Malaysia/14075/2000	2000-04-24
CY119106|A/Malaysia/14210/2000	2000-05-04
CY119090|A/Malaysia/14458/2000	2000-06-08
CY119114|A/Malaysia/14817/1997	1997-12-31
CY119122|A/Malaysia/15042/1998	1998-01-27
CY118020|A/Malaysia/1652509/2006	2006-09-27
CY119218|A/Malaysia/1686034/2006	2006-12-03
CY119226|A/Malaysia/1706215/2007	2007-01-05
CY119234|A/Malaysia/1715991/2007	2007-02-02
CY119242|A/Malaysia/1718249/2007	2007-02-02
CY119250|A/Malaysia/1718958/2007	2007-02-09
CY118044|A/Malaysia/1758994/2007	2007-04-05
CY118083|A/Malaysia/1788397/2007	2007-05-25
CY118091|A/Malaysia/1794173/2007	2007-06-05
CY119258|A/Malaysia/1798564/2007	2007-06-12
CY119266|A/Malaysia/1811552/2007	2007-07-02
CY119306|A/Malaysia/1823766/2007	2007-07-23
CY118099|A/Malaysia/1828663/2007	2007-07-31
CY119274|A/Malaysia/1842338/2007	2007-08-22
CY119282|A/Malaysia/1882831/2007	2007-10-30
CY118107|A/Malaysia/1887206/2007	2007-11-06
CY118167|A/Malaysia/1999752/2008	2008-05-14
CY118183|A/Malaysia/2095797/2008	2008-10-20
CY119314|A/Malaysia/2104192/2008	2008-03-11
CY119290|A/Malaysia/2132379/2008	2008-12-17
CY119130|A/Malaysia/25531/2003	2003-08-04
CY119138|A/Malaysia/25750/2003	2003-09-09
CY119146|A/Malaysia/25862/2003	2003-09-24
CY119154|A/Malaysia/30025/2004	2004-10-23
CY119162|A/Malaysia/32110/2005	2005-07-29
CY117996|A/Malaysia/32151/2005	2005-08-02
CY119170|A/Malaysia/32217/2005	2005-08-10
CY119178|A/Malaysia/33132/2005	2005-11-30
CY119186|A/Malaysia/33166/2005	2005-12-06
CY118012|A/Malaysia/34291/2006	2006-04-14
CY119194|A/Malaysia/34450/2006	2006-05-03
CY119202|A/Malaysia/35164/2006	2006-07-19
CY119210|A/Malaysia/35405/2006	2006-10-05
CY009340|A/Malaysia/54	1977-XX-XX
CY146785|A/Malaysia/JY2/1954	1977-XX-XX
CY040186|A/Managua/1038.01/2008	2008-06-08
CY038919|A/Managua/107.01/2008	2008-06-26
CY041218|A/Managua/1225.02/2008	2008-06-08
CY039135|A/Managua/1409.01/2008	2008-08-27
CY039463|A/Managua/156.01/2008	2008-06-11
CY045860|A/Managua/1985.01/2008	2008-10-20
CY040226|A/Managua/2055.01/2008	2008-06-10
CY041210|A/Managua/2512.01/2008	2008-02-15
CY039143|A/Managua/254.01/2008	2008-11-01
CY040234|A/Managua/2860.01/2008	2008-10-11
CY039471|A/Managua/3027.01/2008	2008-06-24
CY039119|A/Managua/3029.01/2008	2008-06-09
CY040266|A/Managua/309.01/2008	2008-10-30
CY040250|A/Managua/3153.01/2008	2008-08-07
CY040162|A/Managua/3180.01/2008	2008-06-09
CY040242|A/Managua/3307.01/2008	2008-01-07
CY043736|A/Managua/3418.01/2008	2008-10-11
CY040290|A/Managua/3570.01/2008	2008-06-27
CY040258|A/Managua/3759.02/2008	2008-08-16
CY044421|A/Managua/4017.02/2008	2008-06-20
CY038535|A/Managua/4032.01/2008	2008-06-09
CY044405|A/Managua/4070.01/2008	2008-06-11
CY039479|A/Managua/4086.02/2008	2008-06-25
CY039447|A/Managua/4315.04/2008	2008-10-25
CY040178|A/Managua/4341.01/2008	2008-06-09
CY044389|A/Managua/4359.01/2008	2008-07-01
CY040282|A/Managua/4412.01/2008	2008-11-06
CY043792|A/Managua/4444.01/2008	2008-11-18
CY038927|A/Managua/4537.03/2008	2008-11-03
CY040274|A/Managua/4924.01/2008	2008-10-06
CY044413|A/Managua/496.01/2008	2008-08-28
CY043800|A/Managua/5007.01/2008	2008-08-07
CY039127|A/Managua/521.01/2008	2008-06-08
CY039455|A/Managua/5214.01/2008	2008-07-25
CY039151|A/Managua/5380.01/2008	2008-11-04
CY043776|A/Managua/5751.01/2008	2008-11-11
CY043784|A/Managua/954.02/2008	2008-07-01
CY100964|A/Maracay/WRAIR1729P/2008	2008-09-03
EU199325|A/Maryland/01/2007	2007-01-30
EU716596|A/Maryland/01/2008	2008-01-04
EU566970|A/Maryland/04/2007	2007-12-26
FJ686973|A/Maryland/04/2008	2008-10-27
FJ686975|A/Maryland/05/2008	2008-12-10
GQ475730|A/Maryland/07/2008	2008-12-29
CY039909|A/Maryland/12/1991	1991-XX-XX
CY020181|A/Maryland/2/1980	1980-XX-XX
EU567000|A/Massachusetts/01/2008	2008-01-07
FJ687017|A/Massachusetts/08/2008	2008-11-17
FJ686977|A/Massachusetts/08/2008	2008-11-17
FJ687004|A/Massachusetts/09/2008	2008-11-23
GQ475824|A/Massachusetts/12/2008	2008-12-25
EU516247|A/Massachusetts/14/2007	2007-12-01
HM144128|A/Mazandaran/510/2008	2008-01-05
L24362|A/Maryland/12/1991	1991-XX-XX
CY100876|A/Medellin/WRAIR1297P/2008	2008-06-28
CY045772|A/Melbourne/1/1946	1969-XX-XX
CY009324|A/Melbourne/1935	1958-XX-XX
CY147398|A/Melbourne/JY2/1935	1958-XX-XX
EU779616|A/Memphis/03/2008	2008-01-15
EU779617|A/Memphis/07/2008	2008-01-17
CY011296|A/Memphis/1/1978	1978-XX-XX
CY019739|A/Memphis/1/1979	1979-XX-XX
CY012880|A/Memphis/1/1983	1983-XX-XX
CY021725|A/Memphis/1/1984	1984-XX-XX
CY021973|A/Memphis/1/1987	1987-XX-XX
CY020261|A/Memphis/1/2001	2001-XX-XX
CY010868|A/Memphis/10/1978	1978-XX-XX
CY013879|A/Memphis/10/1983	1983-XX-XX
CY019795|A/Memphis/10/1996	1996-XX-XX
CY010876|A/Memphis/11/1978	1978-XX-XX
CY011304|A/Memphis/11/1983	1983-XX-XX
CY019803|A/Memphis/11/1996	1996-XX-XX
CY010948|A/Memphis/12/1983	1983-XX-XX
CY019101|A/Memphis/12/1986	1986-XX-XX
CY010884|A/Memphis/13/1978	1978-XX-XX
CY011312|A/Memphis/13/1983	1983-XX-XX
CY019867|A/Memphis/13/1996	1996-XX-XX
CY013295|A/Memphis/14/1983	1983-XX-XX
CY020253|A/Memphis/14/1996	1996-XX-XX
AY282756|A/Memphis/14/96_M	1996-XX-XX
AY282757|A/Memphis/14/96_M1	1996-XX-XX
CY010892|A/Memphis/15/1978	1978-XX-XX
CY010956|A/Memphis/15/1983	1983-XX-XX
CY021005|A/Memphis/15/1996	1996-XX-XX
CY021693|A/Memphis/15/2000	2000-XX-XX
CY010964|A/Memphis/16/1983	1983-XX-XX
CY010900|A/Memphis/17/1978	1978-XX-XX
CY010972|A/Memphis/17/1983	1983-XX-XX
CY010980|A/Memphis/18/1983	1983-XX-XX
CY012440|A/Memphis/19/1983	1983-XX-XX
CY012888|A/Memphis/2/1983	1983-XX-XX
CY019109|A/Memphis/2/1996	1996-XX-XX
CY017363|A/Memphis/20/1978	1978-XX-XX
CY017195|A/Memphis/20/1983	1983-XX-XX
CY017419|A/Memphis/21/1983	1983-XX-XX
CY017427|A/Memphis/22/1983	1983-XX-XX
CY017203|A/Memphis/23/1983	1983-XX-XX
CY017211|A/Memphis/24/1983	1983-XX-XX
CY017869|A/Memphis/25/1983	1983-XX-XX
CY017435|A/Memphis/26/1983	1983-XX-XX
CY017219|A/Memphis/27/1983	1983-XX-XX
CY017227|A/Memphis/28/1983	1983-XX-XX
CY017235|A/Memphis/29/1983	1983-XX-XX
CY010916|A/Memphis/3/1983	1983-XX-XX
CY019771|A/Memphis/3/1987	1987-XX-XX
CY019117|A/Memphis/3/1996	1996-XX-XX
CY017243|A/Memphis/30/1983	1983-XX-XX
CY019221|A/Memphis/31/1983	1983-XX-XX
CY017251|A/Memphis/32/1983	1983-XX-XX
CY017877|A/Memphis/35/1983	1983-XX-XX
CY019037|A/Memphis/38/1983	1983-XX-XX
CY020237|A/Memphis/39/1983	1983-XX-XX
CY010924|A/Memphis/4/1983	1983-XX-XX
CY019779|A/Memphis/4/1987	1987-XX-XX
CY019045|A/Memphis/40/1983	1983-XX-XX
CY019053|A/Memphis/41/1983	1983-XX-XX
CY019061|A/Memphis/42/1983	1983-XX-XX
CY027531|A/Memphis/44/1983	1983-XX-XX
CY019069|A/Memphis/46/1983	1983-XX-XX
CY019229|A/Memphis/47/1983	1983-XX-XX
CY019077|A/Memphis/48/1983	1983-XX-XX
CY019755|A/Memphis/49/1983	1983-XX-XX
CY019125|A/Memphis/5/1996	1996-XX-XX
CY019883|A/Memphis/5/2003	2003-XX-XX
CY019085|A/Memphis/50/1983	1983-XX-XX
CY019093|A/Memphis/51/1983	1983-XX-XX
CY019237|A/Memphis/53/1983	1983-XX-XX
CY019763|A/Memphis/54/1983	1983-XX-XX
CY015524|A/Memphis/6/1983	1983-XX-XX
CY019787|A/Memphis/6/1996	1996-XX-XX
CY020141|A/Memphis/6/2001	2001-XX-XX
CY019341|A/Memphis/6/2003	2003-XX-XX
CY010908|A/Memphis/7/1980	1980-XX-XX
CY010932|A/Memphis/7/1983	1983-XX-XX
CY019133|A/Memphis/7/1996	1996-XX-XX
CY020149|A/Memphis/7/2001	2001-XX-XX
CY010940|A/Memphis/8/1983	1983-XX-XX
CY019875|A/Memphis/8/2001	2001-XX-XX
CY073927|A/Mexico/UASLP_005/2008	2008-01-29
CY073935|A/Mexico/UASLP_006/2008	2008-01-28
CY073953|A/Mexico/UASLP_008/2008	2008-01-01
CY073960|A/Mexico/UASLP_009/2008	2008-12-10
FJ686997|A/Michigan/05/2008	2008-11-03
FJ687019|A/Michigan/06/2008	2008-11-29
CY016323|A/Michigan/1/2003	2003-01-23
GQ475652|A/Michigan/10/2008	2008-12-23
CY016327|A/Michigan/4/2003	2003-02-01
CY016328|A/Michigan/5/2003	2003-01-31
CY016329|A/Michigan/6/2003	2003-02-02
CY025221|A/Michigan/UR06_0015/2006	2006-12-28
EU851985|A/Minnesota/01/2008	2008-01-15
EU199332|A/Minnesota/02/2007	2007-01-25
EU100707|A/Minnesota/17/2006	2006-12-29
EU516144|A/Minnesota/23/2007	2007-02-01
FJ686991|A/Minnesota/24/2008	2008-07-09
EU516094|A/Minnesota/25/2007	2007-10-25
FJ687006|A/Minnesota/27/2008	2008-12-09
GQ475777|A/Minnesota/33/2008	2008-12-26
GQ475673|A/Minnesota/34/2008	2008-12-28
EU199341|A/Mississippi/02/2006	2006-12-18
EU779621|A/Mississippi/06/2008	2008-01-24
EU851983|A/Mississippi/06/2008	2008-01-24
CY027875|A/Mississippi/UR06_0014/2006	2006-12-28
CY027203|A/Mississippi/UR06_0047/2007	2007-01-22
CY025803|A/Mississippi/UR06_0048/2007	2007-01-22
CY025627|A/Mississippi/UR06_0086/2007	2007-01-26
CY025555|A/Mississippi/UR06_0130/2007	2007-01-31
CY025619|A/Mississippi/UR06_0142/2007	2007-02-01
CY025579|A/Mississippi/UR06_0145/2007	2007-02-02
CY025317|A/Mississippi/UR06_0242/2007	2007-02-12
CY026371|A/Mississippi/UR06_0378/2007	2007-02-20
CY025891|A/Mississippi/UR06_0537/2007	2007-03-07
CY026395|A/Mississippi/UR06_0595/2007	2007-03-13
FJ549060|A/Missouri/06/2008	2008-08-27
Z54287|A/Mongolia/153/88	1988-XX-XX
Z54286|A/Mongolia/231/85	1985-XX-XX
GQ475830|A/Montana/01/2008	2008-02-29
AB434106|A/Morioka/1/2005	2005-01-14
AB434099|A/Morioka/17/2002	2002-02-12
AB434102|A/Morioka/21/2005	2005-03-07
AB434103|A/Morioka/27/2002	2002-02-19
AB434100|A/Morioka/3/2005	2005-01-17
AB434101|A/Morioka/4/2005	2005-01-24
AB434104|A/Morioka/5/2005	2005-01-24
AB434105|A/Morioka/7/2005	2005-01-26
CY125084|A/Moscow/13/1998	1998-XX-XX
JX477160|A/Moscow/13/1998	1998-XX-XX
CY043465|A/Nagasaki/07N005/2008	2008-01-07
CY043473|A/Nagasaki/07N011/2008	2008-02-20
CY043481|A/Nagasaki/07N020/2008	2008-01-14
CY043489|A/Nagasaki/07N035/2008	2008-02-20
CY016236|A/Nanchang/11/1996	1996-XX-XX
CY013813|A/Nanchang/13/1996	1996-XX-XX
CY017011|A/Nanchang/14/1996	1996-XX-XX
CY013821|A/Nanchang/15/1996	1996-XX-XX
CY013829|A/Nanchang/16/1996	1996-XX-XX
CY125012|A/Nanchang/16A/1999	1999-XX-XX
CY013837|A/Nanchang/17/1996	1996-XX-XX
CY013845|A/Nanchang/19/1996	1996-XX-XX
CY016052|A/Nanchang/21/1996	1996-XX-XX
CY016244|A/Nanchang/23/1996	1996-XX-XX
CY016252|A/Nanchang/25/1996	1996-XX-XX
CY013853|A/Nanchang/26/1996	1996-XX-XX
CY016228|A/Nanchang/8/1996	1996-XX-XX
CY017003|A/Nanchang/9/1996	1996-XX-XX
EU199294|A/Nebraska/01/2007	2007-01-25
EU779633|A/Nebraska/01/2008	2008-01-21
EU199350|A/Nebraska/02/2007	2007-02-06
FJ686958|A/Nebraska/07/2008	2008-12-04
JX477161|A/Neimenggu/52/2002	2002-XX-XX
CY125180|A/Neimenggu/52/2002	2002-XX-XX
CY077719|A/Netherlands/001G1/1950	1973-XX-XX
CY077725|A/Netherlands/001H1/1954	1977-XX-XX
CY077748|A/Netherlands/001R1/1953	1976-XX-XX
CY077763|A/Netherlands/002K1/1949	1972-XX-XX
CY077768|A/Netherlands/002P1/1951	1974-XX-XX
HQ166044|A/Netherlands/26/2007	2007-02-12
CY147318|A/New_Caledonia/20_JY2/1999	1999-XX-XX
CY031336|A/New_Caledonia/20/1999	1999-06-09
DQ508857|A/New_Caledonia/20/1999	1999-XX-XX
EU103824|A/New_Caledonia/20/1999	1999-XX-XX
CY033622|A/New_Caledonia/20/1999	1999-XX-XX
AY289929|A/New_Caledonia/20/1999	1999-XX-XX
FJ743462|A/New_Caledonia/6/2008	2008-08-25
GQ466359|A/New_Jersey/01/2008	2008-01-08
EU566986|A/New_Jersey/02/2008	2008-01-11
EU566993|A/New_Jersey/03/2008	2008-01-04
EU567007|A/New_Jersey/04/2008	2008-01-17
EU567013|A/New_Jersey/05/2008	2008-01-22
EU566979|A/New_Jersey/06/2008	2008-02-02
GQ475687|A/New_Jersey/06/2008	2008-02-02
EU716548|A/New_Jersey/08/2008	2008-01-21
EU516143|A/New_Jersey/09/2007	2007-01-23
EU716619|A/New_Jersey/09/2008	2008-01-25
EU779618|A/New_Jersey/10/2008	2008-02-06
CY044365|A/New_Jersey/11/1976	1976-XX-XX
EU887032|A/New_Jersey/13/2008	2008-02-18
CY058495|A/New_Jersey/15/2007	2007-XX-XX
EU516083|A/New_Jersey/15/2007	2007-11-24
EU516258|A/New_Jersey/16/2007	2007-12-16
GQ475714|A/New_Jersey/16/2008	2008-02-26
CY021957|A/New_Jersey/1976	1976-XX-XX
EU566982|A/New_Jersey/20/2007	2007-12-30
GQ475805|A/New_Jersey/20/2008	2008-12-13
FJ687028|A/New_Jersey/23/2008	2008-12-22
GQ475757|A/New_Jersey/30/2008	2008-12-09
GQ475681|A/New_Jersey/31/2008	2008-12-11
GQ475760|A/New_Jersey/32/2008	2008-12-14
GQ475655|A/New_Jersey/32/2008	2008-12-14
CY039991|A/New_Jersey/8/1976	1976-XX-XX
CY130118|A/New_Jersey/8/1976	1976-XX-XX
CY044341|A/New_Jersey/AF09/2008	2008-02-14
CY147414|A/New_Jersey/Swiss/1976	1976-XX-XX
CY147422|A/New_Jersey/Wistar/1976	1976-XX-XX
EU566989|A/New_Mexico/01/2008	2008-01-03
EU100708|A/New_Mexico/02/2006	2006-12-31
EU199286|A/New_Mexico/04/2007	2007-02-05
EU567015|A/New_Mexico/07/2007	2007-12-18
CY016643|A/New_South_Wales/18/1999	1999-XX-XX
CY017123|A/New_South_Wales/24/1999	1999-XX-XX
CY016260|A/New_South_Wales/26/2000	2000-XX-XX
CY016563|A/New_South_Wales/30/2000	2000-XX-XX
EU716563|A/New_York/01/2008	2008-01-28
EU779614|A/New_York/03/2008	2008-01-30
EU851987|A/New_York/05/2008	2008-02-05
JN582055|A/New_York/08_1253/2008	2008-02-05
JN582063|A/New_York/08_1326/2008	2008-02-13
EU199355|A/New_York/08/2007	2007-04-02
CY172535|A/New_York/1049/2006	2006-03-28
CY172543|A/New_York/1050/2006	2006-12-11
CY172551|A/New_York/1051/2006	2006-12-13
CY172559|A/New_York/1052/2006	2006-12-17
CY172567|A/New_York/1053/2006	2006-12-27
CY172575|A/New_York/1054/2007	2007-01-04
CY172583|A/New_York/1055/2007	2007-01-06
CY172591|A/New_York/1056/2007	2007-01-29
CY172599|A/New_York/1058/2007	2007-02-03
CY172607|A/New_York/1059/2007	2007-02-05
CY172615|A/New_York/1060/2007	2007-02-05
CY172623|A/New_York/1061/2007	2007-02-06
CY172631|A/New_York/1062/2007	2007-02-06
CY172639|A/New_York/1063/2007	2007-02-07
CY172647|A/New_York/1064/2007	2007-02-13
CY172655|A/New_York/1066/2007	2007-02-13
CY172663|A/New_York/1068/2007	2007-02-22
CY172671|A/New_York/1069/2007	2007-02-28
CY172679|A/New_York/1070/2007	2007-02-28
CY172687|A/New_York/1071/2007	2007-03-19
CY172695|A/New_York/1072/2007	2007-04-10
CY172703|A/New_York/1073/2007	2007-01-10
CY172711|A/New_York/1074/2007	2007-01-27
CY172719|A/New_York/1075/2007	2007-02-09
CY172727|A/New_York/1076/2007	2007-02-11
CY172911|A/New_York/1104/2008	2008-01-14
CY172919|A/New_York/1105/2008	2008-01-17
CY172927|A/New_York/1107/2008	2008-01-22
CY172935|A/New_York/1108/2008	2008-01-21
CY172943|A/New_York/1109/2008	2008-01-22
CY172951|A/New_York/1110/2008	2008-01-29
CY172959|A/New_York/1111/2008	2008-01-31
CY172967|A/New_York/1112/2008	2008-02-04
CY172975|A/New_York/1113/2008	2008-02-04
CY172983|A/New_York/1114/2008	2008-02-04
CY172991|A/New_York/1115/2008	2008-02-06
CY172999|A/New_York/1116/2008	2008-02-09
CY173007|A/New_York/1117/2008	2008-02-10
CY173015|A/New_York/1118/2008	2008-02-13
CY173023|A/New_York/1119/2008	2008-02-18
CY173031|A/New_York/1120/2008	2008-02-18
CY173039|A/New_York/1121/2008	2008-02-20
CY173047|A/New_York/1122/2008	2008-02-20
CY173055|A/New_York/1123/2008	2008-02-26
CY173063|A/New_York/1124/2008	2008-02-26
CY173071|A/New_York/1125/2008	2008-03-06
CY173079|A/New_York/1126/2008	2008-03-06
CY173303|A/New_York/1158/2008	2008-12-30
CY000449|A/New_York/146/2000	2000-04-12
EU516251|A/New_York/16/2007	2007-12-05
CY001952|A/New_York/205/2001	2001-01-08
CY002616|A/New_York/208/2001	2001-02-27
CY006419|A/New_York/212/2001	2001-01-24
CY002528|A/New_York/220/2002	2002-12-26
CY002984|A/New_York/221/2003	2003-03-21
CY002680|A/New_York/222/2003	2003-01-12
CY002688|A/New_York/223/2003	2003-01-15
CY002624|A/New_York/230/2003	2003-01-27
CY002640|A/New_York/233/2000	2000-12-19
CY010852|A/New_York/235/2001	2001-01-23
CY003008|A/New_York/241/2001	2001-01-23
CY006355|A/New_York/242/2001	2001-01-24
CY003016|A/New_York/246/2001	2001-01-19
EU199333|A/New_York/26/2006	2006-12-13
CY002568|A/New_York/281/2001	2001-02-21
CY003304|A/New_York/291/2002	2002-12-21
CY003376|A/New_York/292/2003	2003-03-05
CY021733|A/New_York/2924_1/1986	1986-XX-XX
CY003384|A/New_York/293/2003	2003-01-28
CY003312|A/New_York/302/2001	2001-01-29
CY006363|A/New_York/303/2001	2001-01-15
CY003392|A/New_York/305/2001	2001-02-07
CY003400|A/New_York/306/2001	2001-02-03
CY002800|A/New_York/308/2001	2001-02-12
CY006875|A/New_York/309/2001	2001-01-22
CY002672|A/New_York/310/2001	2001-01-08
CY002696|A/New_York/312/2001	2001-01-12
CY003024|A/New_York/341/2001	2001-01-22
CY003320|A/New_York/342/2001	2001-01-25
CY002392|A/New_York/343/2001	2001-01-10
CY003328|A/New_York/346/2001	2001-01-28
CY002704|A/New_York/348/2003	2003-02-28
CY002808|A/New_York/399/2003	2003-01-22
CY009236|A/New_York/441/2001	2001-01-08
CY003464|A/New_York/442/2001	2001-01-10
CY003472|A/New_York/443/2001	2001-01-22
CY003288|A/New_York/444/2001	2001-01-23
CY003833|A/New_York/445/2001	2001-01-26
CY003480|A/New_York/446/2001	2001-02-21
CY006171|A/New_York/447/2001	2001-02-28
CY008996|A/New_York/484/2003	2003-01-20
CY003688|A/New_York/486/2003	2003-01-21
CY006915|A/New_York/488/2003	2003-01-23
CY006667|A/New_York/493/2003	2003-02-12
CY006675|A/New_York/494/2002	2002-12-05
CY003704|A/New_York/496/2003	2003-02-25
CY006195|A/New_York/497/2003	2003-02-26
CY010484|A/New_York/604/1995	1995-11-15
CY010492|A/New_York/605/1995	1995-12-14
CY010500|A/New_York/607/1995	1995-12-08
CY010804|A/New_York/614/1995	1995-12-13
CY010508|A/New_York/615/1995	1995-11-30
CY013871|A/New_York/616/1995	1995-12-18
CY010524|A/New_York/620/1995	1995-12-23
CY010532|A/New_York/621/1995	1995-12-27
CY011792|A/New_York/626/1996	1996-02-08
CY010540|A/New_York/627/1995	1995-11-16
CY011800|A/New_York/629/1995	1995-12-04
CY012856|A/New_York/630/1995	1995-12-28
CY016963|A/New_York/633/1995	1995-12-15
CY010820|A/New_York/638/1995	1995-12-06
CY010844|A/New_York/640/1996	1996-01-02
CY012864|A/New_York/642/1995	1995-12-27
CY013279|A/New_York/643/1995	1995-12-11
CY010740|A/New_York/644/1995	1995-11-28
CY011272|A/New_York/645/1995	1995-12-12
CY013287|A/New_York/646/1996	1996-01-08
CY011280|A/New_York/649/1995	1995-12-11
CY012872|A/New_York/650/1995	1995-12-15
CY010828|A/New_York/651/1995	1995-12-02
CY010836|A/New_York/653/1996	1996-01-02
CY013303|A/New_York/656/1995	1995-07-31
CY015532|A/New_York/694/1995	1995-05-02
CY017371|A/New_York/8/2006	2006-04-10
CY026379|A/New_York/UR06_0056/2007	2007-01-23
CY026731|A/New_York/UR06_0134/2007	2007-01-31
CY026627|A/New_York/UR06_0199/2007	2007-02-07
CY026643|A/New_York/UR06_0253/2007	2007-02-13
CY027603|A/New_York/UR06_0326/2007	2007-02-16
CY025285|A/New_York/UR06_0386/2007	2007-02-22
CY020189|A/New_Zealand/7/1983	1983-XX-XX
FJ231767|A/Niedersachsen/191/2005	2005-XX-XX
FJ231768|A/Niedersachsen/192/2005	2005-XX-XX
FJ231769|A/Niedersachsen/202/2005	2005-XX-XX
FJ231770|A/Niedersachsen/217/2005	2005-XX-XX
FJ231771|A/Niedersachsen/218/2005	2005-XX-XX
FJ231783|A/Niedersachsen/4/2006	2006-XX-XX
FJ231784|A/Niedersachsen/5/2006	2006-XX-XX
CY043385|A/Niigata/07F102/2008	2008-02-18
CY043393|A/Niigata/07F125/2008	2008-02-21
CY043401|A/Niigata/07F191/2008	2008-03-08
CY094797|A/Niigata/F95/2007	2007-02-26
FJ231772|A/Nordrhein_Westfalen/6/2005	2005-XX-XX
EU779626|A/North_Carolina/02/2008	2008-02-05
EU779627|A/North_Carolina/04/2008	2008-02-06
EU779628|A/North_Carolina/05/2008	2008-02-14
FJ532087|A/North_Carolina/06/2008	2008-01-09
FJ532094|A/North_Carolina/06/2008	2008-01-09
GQ466371|A/North_Carolina/07/2008	2008-12-15
EU100709|A/North_Carolina/10/2006	2006-12-28
CY027147|A/North_Carolina/UR06_0011/2006	2006-12-18
CY026859|A/North_Carolina/UR06_0099/2007	2007-01-29
CY026995|A/North_Carolina/UR06_0364/2007	2007-02-19
CY028387|A/North_Carolina/UR06_0365/2007	2007-02-19
FJ686999|A/North_Dakota/01/2008	2008-12-12
EU887029|A/North_Dakota/05/2007	2007-12-29
CY036664|A/Norway/1261/2007	2007-08-20
CY036665|A/Norway/1629/2007	2007-11-20
CY036666|A/Norway/1630/2007	2007-11-21
CY036668|A/Norway/166/2008	2008-01-14
CY036669|A/Norway/167/2008	2008-01-15
CY036670|A/Norway/168/2008	2008-01-16
CY036671|A/Norway/1684/2007	2007-11-26
CY036672|A/Norway/169/2008	2008-01-16
CY036673|A/Norway/1701/2007	2007-12-07
CY036675|A/Norway/171/2008	2008-01-23
CY036680|A/Norway/1739/2007	2007-12-11
CY036682|A/Norway/181/2008	2008-01-23
CY036683|A/Norway/199/2008	2008-01-28
CY036684|A/Norway/2159/2006	2006-11-03
CY036685|A/Norway/243/2008	2008-01-29
CY036686|A/Norway/256/2008	2008-02-01
CY036687|A/Norway/30/2008	2008-01-04
CY036688|A/Norway/365/2008	2008-02-13
CY036689|A/Norway/38/2008	2008-01-02
CY036690|A/Norway/478/2008	2008-12-19
CY036691|A/Norway/50/2008	2008-01-08
CY036692|A/Norway/76/2008	2008-01-04
U08903|A/NWS/1933	1956-XX-XX
FJ798792|A/Nyiregyhaza/01/2007	2007-01-XX
FJ986620|A/Ohio/01/2007	2007-08-17
FJ986621|A/Ohio/02/2007	2007-08-17
EU516024|A/Ohio/04/2006	2006-03-21
EU516022|A/Ohio/05/2006	2006-12-28
CY024925|A/Ohio/3559/1988	1988-XX-XX
CY026955|A/Ohio/UR06_0091/2007	2007-01-29
CY026003|A/Ohio/UR06_0100/2007	2007-01-29
CY027763|A/Ohio/UR06_0112/2007	2007-01-30
CY027443|A/Ohio/UR06_0121/2007	2007-01-30
CY026011|A/Ohio/UR06_0122/2007	2007-01-30
CY027403|A/Ohio/UR06_0166/2007	2007-02-05
CY027139|A/Ohio/UR06_0177/2007	2007-02-06
CY031148|A/Ohio/UR06_0178/2007	2007-02-06
CY027387|A/Ohio/UR06_0233/2007	2007-02-09
CY030061|A/Ohio/UR06_0296/2007	2007-02-12
CY025971|A/Ohio/UR06_0325/2007	2007-02-16
CY026851|A/Ohio/UR06_0341/2007	2007-02-19
CY028123|A/Ohio/UR06_0353/2007	2007-02-19
CY027467|A/Ohio/UR06_0394/2007	2007-02-23
CY027987|A/Ohio/UR06_0411/2007	2007-02-26
CY028403|A/Ohio/UR06_0429/2007	2007-02-23
CY027067|A/Ohio/UR06_0443/2007	2007-02-26
CY027003|A/Ohio/UR06_0465/2007	2007-02-28
CY037655|A/Ohio/UR06_0493/2007	2007-03-02
CY026947|A/Ohio/UR06_0518/2007	2007-03-05
CY027259|A/Ohio/UR06_0521/2007	2007-03-05
CY028027|A/Ohio/UR06_0522/2007	2007-03-06
CY031571|A/Ohio/UR06_0591/2007	2007-03-12
EU779623|A/Oklahoma/02/2008	2008-02-05
EU779624|A/Oklahoma/03/2008	2008-02-20
CY027771|A/Oklahoma/UR06_0063/2007	2007-01-22
CY027963|A/Oklahoma/UR06_0241/2007	2007-02-12
CY028131|A/Oklahoma/UR06_0519/2007	2007-03-05
EU516292|A/Oregon/06/2007	2007-12-06
EU516295|A/Oregon/07/2007	2007-12-03
CY027691|A/Oregon/UR06_0179/2007	2007-02-05
CY027955|A/Oregon/UR06_0185/2007	2007-02-05
CY028211|A/Oregon/UR06_0219/2007	2007-02-07
CY027083|A/Oregon/UR06_0230/2007	2007-02-09
CY026899|A/Oregon/UR06_0231/2007	2007-02-08
CY027931|A/Oregon/UR06_0291/2007	2007-02-13
CY033465|A/Oregon/UR06_0609/2007	2007-03-15
CY125092|A/Ostrava/801/1998	1998-XX-XX
CY013573|A/Otago/5/2005	2005-09-07
LK054732|A/Paris/650/2004	2004-XX-XX
EU516300|A/Pennsylvania/01/2008	2008-01-02
EU566976|A/Pennsylvania/02/2008	2008-01-15
EU566984|A/Pennsylvania/05/2008	2008-01-07
EU199303|A/Pennsylvania/08/2006	2006-11-20
FJ687009|A/Pennsylvania/08/2008	2008-10-13
FJ549049|A/Pennsylvania/08/2008	2008-10-13
FJ549047|A/Pennsylvania/08/2008	2008-10-13
FJ687022|A/Pennsylvania/08/2008	2008-10-13
FJ549040|A/Pennsylvania/09/2008	2008-11-02
FJ549041|A/Pennsylvania/09/2008	2008-11-02
EU516091|A/Pennsylvania/10/2007	2007-11-13
EU716557|A/Pennsylvania/11/2007	2007-12-10
EU516240|A/Pennsylvania/11/2007	2007-12-10
GQ475727|A/Pennsylvania/12/2008	2008-12-27
FJ179360|A/Pennsylvania/13/2007	2007-12-13
EU887024|A/Pennsylvania/14/2007	2007-12-12
EU887025|A/Pennsylvania/14/2007	2007-12-12
GQ475645|A/Pennsylvania/14/2008	2008-12-19
GQ475808|A/Pennsylvania/14/2008	2008-12-19
EU887026|A/Pennsylvania/15/2007	2007-12-21
GQ475676|A/Pennsylvania/15/2008	2008-12-30
GQ475647|A/Pennsylvania/15/2008	2008-12-30
EU716559|A/Pennsylvania/16/2007	2007-12-20
EU716556|A/Pennsylvania/16/2007	2007-12-20
FJ743473|A/Perth/33/2008	2008-08-16
FJ743459|A/Perth/46/2008	2008-08-21
CY070056|A/Peru/WRAIR1295P/2007	2007-XX-XX
CY070064|A/Peru/WRAIR1296P/2007	2007-XX-XX
CY070072|A/Peru/WRAIR1298P/2007	2007-XX-XX
CY070080|A/Peru/WRAIR1299P/2007	2007-XX-XX
CY070088|A/Peru/WRAIR1300P/2007	2007-XX-XX
CY070096|A/Peru/WRAIR1310P/2007	2007-XX-XX
CY070104|A/Peru/WRAIR1311P/2007	2007-XX-XX
CY070128|A/Peru/WRAIR1378P/2007	2007-XX-XX
CY070136|A/Peru/WRAIR1505P/2007	2007-XX-XX
CY070152|A/Peru/WRAIR1509P/2007	2007-XX-XX
CY020469|A/Phila/1935	1958-XX-XX
FJ743469|A/Philippines/1159/2008	2008-06-30
CY100980|A/Philippines/WRAIR1736P/2006	2006-01-01
CY100892|A/Piura/WRAIR1699P/2008	2008-12-28
V01088|A/Puerto_Rico/8/1934	1957-XX-XX
CY045764|A/Puerto_Rico/8_1/1934	1957-XX-XX
CY146881|A/Puerto_Rico/8_CV10/1934	1957-XX-XX
CY146889|A/Puerto_Rico/8_KV20/1934	1957-XX-XX
CY146825|A/Puerto_Rico/8_LVD1/1934	1957-XX-XX
CY147454|A/Puerto_Rico/8_LVD2/1934	1957-XX-XX
CY146833|A/Puerto_Rico/8_LVD3/1934	1957-XX-XX
CY147462|A/Puerto_Rico/8_LVD4/1934	1957-XX-XX
CY147470|A/Puerto_Rico/8_SV1/1934	1957-XX-XX
CY147510|A/Puerto_Rico/8_SV10/1934	1957-XX-XX
CY147518|A/Puerto_Rico/8_SV11/1934	1957-XX-XX
CY146873|A/Puerto_Rico/8_SV120/1934	1957-XX-XX
CY147526|A/Puerto_Rico/8_SV13/1934	1957-XX-XX
CY147534|A/Puerto_Rico/8_SV14/1934	1957-XX-XX
CY040170|A/Puerto_Rico/8_SV14/1934	1957-XX-XX
CY146841|A/Puerto_Rico/8_SV20/1934	1957-XX-XX
CY146849|A/Puerto_Rico/8_SV30/1934	1957-XX-XX
CY146857|A/Puerto_Rico/8_SV40/1934	1957-XX-XX
CY147478|A/Puerto_Rico/8_SV5/1934	1957-XX-XX
CY146865|A/Puerto_Rico/8_SV60/1934	1957-XX-XX
CY147486|A/Puerto_Rico/8_SV7/1934	1957-XX-XX
CY147494|A/Puerto_Rico/8_SV8/1934	1957-XX-XX
CY147502|A/Puerto_Rico/8_SV9/1934	1957-XX-XX
CY084006|A/Puerto_Rico/8_WG/1934	1957-XX-XX
LC120391|A/Puerto_Rico/8/1934	1957-XX-XX
MH785011|A/Puerto_Rico/8/1934	1957-XX-XX
HE802058|A/Puerto_Rico/8/1934	1957-XX-XX
CY148243|A/Puerto_Rico/8/1934	1957-XX-XX
CY009444|A/Puerto_Rico/8/1934	1957-XX-XX
CY105896|A/Puerto_Rico/8/1934	1957-XX-XX
CY121109|A/Puerto_Rico/8/1934	1957-XX-XX
AB671289|A/Puerto_Rico/8/1934	1957-XX-XX
CY033577|A/Puerto_Rico/8/34	1957-XX-XX
EF467821|A/Puerto_Rico/8/34	1957-XX-XX
AF389118|A/Puerto_Rico/8/34/Mount_Sinai	1957-XX-XX
KM403094|A/Quebec/1534909/2008	2008-XX-XX
KM403096|A/Quebec/1534909/2008	2008-XX-XX
KM403095|A/Quebec/1534909/2008	2008-XX-XX
KM403100|A/Quebec/1534909/2008	2008-XX-XX
KM403093|A/Quebec/1534909/2008	2008-01-01
KM403097|A/Quebec/1534909/2008	2008-XX-XX
KM403098|A/Quebec/1534909/2008	2008-XX-XX
KM403099|A/Quebec/1534909/2008	2008-XX-XX
FJ231785|A/Rheinland_Pfalz/1/2006	2006-XX-XX
FJ231773|A/Rheinland_Pfalz/58/2005	2005-XX-XX
CY019971|A/Roma/1949	1972-XX-XX
CY147358|A/Roma/JY2/1949	1972-XX-XX
CY125164|A/Russia/2187/2002	2002-XX-XX
FJ231774|A/Sachsen/14/2005	2005-XX-XX
FJ654326|A/Scotland/5/2007	2007-XX-XX
CY125076|A/Shanghai/2/1997	1997-XX-XX
JX477162|A/Shanghai/2/1997	1997-XX-XX
CY125060|A/Shanghai/8/1996	1996-XX-XX
CY125052|A/Shengzhen/227/1995	1995-XX-XX
CY036823|A/Siena/10/1989	1989-01-03
CY036839|A/Siena/14/1995	1995-12-19
CY045852|A/Siena/4/1987	1987-XX-XX
CY036943|A/Siena/9/1989	1989-01-02
KF533064|A/Singapore/106L/2007	2007-05-25
KF533062|A/Singapore/115C/2007	2007-05-25
CY125148|A/Singapore/14/2001	2001-XX-XX
KF856946|A/Singapore/20J/2007	2007-05-09
KF856947|A/Singapore/23J/2007	2007-05-09
KP223140|A/Singapore/24D/2007	2007-05-09
KP223141|A/Singapore/30L/2007	2007-05-10
KP223142|A/Singapore/44T/2007	2007-05-14
KF533063|A/Singapore/49O/2007	2007-05-14
CY020477|A/Singapore/6/1986	1986-XX-XX
KP223143|A/Singapore/86D/2007	2007-05-18
KP223144|A/Singapore/89Z/2007	2007-05-22
EU100724|A/Solomon_Islands/03/2006	2006-08-21
EU124177|A/Solomon_Islands/3/2006	2006-08-21
FJ743466|A/South_Australia/1/2008	2008-06-05
CY017139|A/South_Australia/25/2000	2000-XX-XX
CY017379|A/South_Australia/26/2000	2000-XX-XX
CY017019|A/South_Australia/29/2000	2000-XX-XX
CY017813|A/South_Australia/30/2000	2000-XX-XX
CY017147|A/South_Australia/36/2000	2000-XX-XX
CY017829|A/South_Australia/39/2000	2000-XX-XX
FJ966244|A/South_Australia/4/2008	2008-08-11
CY018933|A/South_Australia/40/2000	2000-XX-XX
CY021749|A/South_Australia/44/2000	2000-XX-XX
CY016667|A/South_Australia/45/2000	2000-XX-XX
CY017155|A/South_Australia/46/2000	2000-XX-XX
CY021757|A/South_Australia/51/2005	2005-XX-XX
CY016675|A/South_Australia/55/2005	2005-XX-XX
CY016683|A/South_Australia/56/2005	2005-XX-XX
CY016691|A/South_Australia/57/2005	2005-XX-XX
CY016699|A/South_Australia/58/2005	2005-XX-XX
CY016723|A/South_Australia/63/2000	2000-XX-XX
CY016731|A/South_Australia/64/2000	2000-XX-XX
CY009868|A/South_Canterbury/15/2001	2001-06-22
CY010356|A/South_Canterbury/159/2001	2001-08-16
CY009772|A/South_Canterbury/31/2000	2000-08-16
CY009204|A/South_Canterbury/35/2000	2000-08-25
CY009780|A/South_Canterbury/40/2000	2000-08-29
CY009172|A/South_Canterbury/50/2000	2000-08-29
CY009836|A/South_Canterbury/59/2000	2000-09-06
EU887034|A/South_Carolina/01/2008	2008-03-28
FJ687011|A/South_Carolina/06/2008	2008-10-22
FJ687030|A/South_Carolina/06/2008	2008-10-22
AF117241|A/South_Carolina/1/18	1941-XX-XX
EU779613|A/South_Dakota/02/2008	2008-01-09
EU199353|A/South_Dakota/03/2007	2007-01-27
JF758482|A/South_Dakota/03/2008	2008-12-04
EU716578|A/South_Dakota/06/2007	2007-07-17
CY121592|A/South_Dakota/06/2007	2007-XX-XX
EU516279|A/South_Dakota/06/2007	2007-07-17
EU516090|A/South_Dakota/06/2007	2007-07-17
CY044349|A/South_Korea/AF10/2008	2007-12-21
EU100725|A/St._Petersburg/08/2006_H1N1___X_163_RX	2006-XX-XX
EU100726|A/St._Petersburg/08/2006_H1N1__X_163A_RX	2006-XX-XX
EU100727|A/St._Petersburg/08/2006_H1N1__X_163B_RX	2006-XX-XX
CY035126|A/St._Petersburg/8/2006	2006-XX-XX
FJ654339|A/Stockholm/6/2008	2007-12-24
D13573|A/Suita/1/1989	1989-XX-XX
D13574|A/Suita/1/89/	2000-XX-XX
AF386774|A/Switzerland/5389/95	1995-XX-XX
AF386773|A/Switzerland/5389/95	1995-XX-XX
FJ743457|A/Sydney/7/2008	2008-07-16
HM144129|A/Tabriz/7/2005	2005-02-27
HQ291874|A/Taiwan/0045/2006	2006-05-24
DQ508873|A/Taiwan/01/1986	1986-XX-XX
HQ291881|A/Taiwan/0258/2008	2008-10-16
HQ291876|A/Taiwan/0586/2006	2006-02-14
HQ291882|A/Taiwan/10092/2007	2007-11-14
HQ291892|A/Taiwan/10103/2008	2008-10-29
HQ291873|A/Taiwan/10393/2005	2005-12-28
HQ291893|A/Taiwan/11526/2008	2008-12-01
CY040154|A/Taiwan/123/2002	2002-01-05
CY084231|A/Taiwan/141/2002	2002-XX-XX
HQ291875|A/Taiwan/192/2006	2006-06-30
CY038879|A/Taiwan/2645/2006	2006-10-26
HQ291880|A/Taiwan/2823/2008	2008-09-19
HQ291883|A/Taiwan/2832/2008	2008-10-06
HQ291884|A/Taiwan/2885/2008	2008-11-24
HQ291877|A/Taiwan/2900/2006	2006-01-13
DQ249260|A/Taiwan/2985/2002	2002-XX-XX
HQ291885|A/Taiwan/3293/2008	2008-05-02
HQ291879|A/Taiwan/3700/2007	2007-03-19
CY040138|A/Taiwan/5072/1999	1999-12-31
CY040146|A/Taiwan/52/2002	2002-01-03
HQ291878|A/Taiwan/5505/2006	2006-01-04
HQ291871|A/Taiwan/5515/2005	2005-01-13
HQ291872|A/Taiwan/5524/2005	2005-01-21
CY040074|A/Taiwan/567/2002	2002-01-28
HQ291886|A/Taiwan/5857/2008	2008-12-08
HQ291887|A/Taiwan/5858/2008	2008-12-08
HQ291870|A/Taiwan/6566/2006	2006-07-04
HQ291888|A/Taiwan/6723/2008	2008-10-13
CY040090|A/Taiwan/70013/2008	2008-01-03
CY040106|A/Taiwan/70132/2008	2008-01-16
CY040114|A/Taiwan/70167/2008	2008-01-21
CY040058|A/Taiwan/71720/2007	2007-08-29
HQ291889|A/Taiwan/8885/2008	2008-10-27
HQ291890|A/Taiwan/8949/2008	2008-12-11
HQ291891|A/Taiwan/9042/2008	2008-11-11
HM176663|A/Taiwan/N510/2008	2008-01-31
HM176662|A/Taiwan/N86/2006	2006-01-09
CY104068|A/TayNguyen/TN101/2003	2003-06-15
CY104300|A/TayNguyen/TN158/2006	2006-07-05
CY104308|A/TayNguyen/TN161/2006	2006-07-10
CY104854|A/TayNguyen/TN178/2006	2006-07-26
CY104862|A/TayNguyen/TN182/2006	2006-07-28
CY105350|A/TayNguyen/TN334/2005	2005-06-14
CY104244|A/TayNguyen/TN371/2005	2005-08-25
CY105182|A/TayNinh/HCM1329/2008	2008-07-22
HM144131|A/Tehran/105/2007	2007-11-24
HM144132|A/Tehran/171/2006	2006-01-18
HM144133|A/Tehran/250/2007	2007-12-08
HM144130|A/Tehran/29/2005	2005-03-01
HM144137|A/Tehran/371/2006	2006-02-15
HM144138|A/Tehran/523/2008	2008-01-05
HM144110|A/Tehran/670/2007	2007-02-07
GQ475792|A/Tennessee/03/2008	2008-03-14
FJ686979|A/Tennessee/11/2008	2008-12-04
CY026699|A/Tennessee/UR06_0045/2007	2007-01-18
CY028203|A/Tennessee/UR06_0055/2007	2007-01-22
CY028451|A/Tennessee/UR06_0073/2007	2007-01-25
CY028107|A/Tennessee/UR06_0076/2007	2007-01-25
CY026891|A/Tennessee/UR06_0078/2007	2007-01-26
CY028075|A/Tennessee/UR06_0080/2007	2007-01-26
CY026507|A/Tennessee/UR06_0087/2007	2007-01-26
CY037783|A/Tennessee/UR06_0106/2007	2007-01-29
CY027723|A/Tennessee/UR06_0113/2007	2007-01-29
CY027379|A/Tennessee/UR06_0119/2007	2007-01-29
CY027131|A/Tennessee/UR06_0120/2007	2007-01-29
CY027243|A/Tennessee/UR06_0124/2007	2007-01-29
CY027059|A/Tennessee/UR06_0151/2007	2007-02-02
CY027115|A/Tennessee/UR06_0152/2007	2007-02-02
CY027475|A/Tennessee/UR06_0234/2007	2007-02-12
CY031140|A/Tennessee/UR06_0236/2007	2007-02-12
CY028059|A/Tennessee/UR06_0238/2007	2007-02-12
CY027267|A/Tennessee/UR06_0239/2007	2007-02-12
CY027419|A/Tennessee/UR06_0262/2007	2007-02-13
CY028395|A/Tennessee/UR06_0277/2007	2007-02-14
CY027251|A/Tennessee/UR06_0294/2007	2007-02-14
CY028003|A/Tennessee/UR06_0312/2007	2007-02-15
CY037775|A/Tennessee/UR06_0379/2007	2007-02-20
CY027635|A/Tennessee/UR06_0388/2007	2007-02-22
CY027451|A/Tennessee/UR06_0414/2007	2007-02-26
CY027747|A/Tennessee/UR06_0459/2007	2007-02-27
CY027491|A/Tennessee/UR06_0473/2007	2007-03-01
CY027731|A/Tennessee/UR06_0508/2007	2007-03-05
CY028115|A/Tennessee/UR06_0509/2007	2007-03-05
CY028091|A/Tennessee/UR06_0523/2007	2007-03-05
EU199328|A/Texas/05/2007	2007-01-31
EU199338|A/Texas/06/2007	2007-02-06
FJ532071|A/Texas/08/2008	2008-01-25
FJ532088|A/Texas/09/2008	2008-01-29
FJ532084|A/Texas/10/2008	2008-03-06
FJ532089|A/Texas/11/2008	2008-08-20
FJ549051|A/Texas/15/2008	2008-10-26
FJ549062|A/Texas/16/2008	2008-10-26
FJ549036|A/Texas/17/2008	2008-11-04
FJ549043|A/Texas/18/2008	2008-11-06
FJ686959|A/Texas/23/2008	2008-11-20
GQ475683|A/Texas/23/2008	2008-11-20
FJ686980|A/Texas/27/2008	2008-11-23
FJ686988|A/Texas/29/2008	2008-12-02
CY020565|A/Texas/2922_3/1986	1986-XX-XX
EU516021|A/Texas/31/2007	2007-03-28
EU516023|A/Texas/32/2007	2007-08-29
GQ475774|A/Texas/32/2008	2008-12-28
GQ475752|A/Texas/35/2008	2008-12-22
CY147382|A/Texas/36_JY2/1991	1991-XX-XX
CY033655|A/Texas/36/1991	1991-XX-XX
DQ508889|A/Texas/36/1991	1991-XX-XX
GQ475785|A/Texas/36/2008	2008-12-27
AY289927|A/Texas/36/91	1991-XX-XX
CY009316|A/Texas/36/91	1991-XX-XX
EU516086|A/Texas/41/2007	2007-10-15
EU516088|A/Texas/70/2007	2007-12-04
EU516255|A/Texas/74/2007	2007-11-26
EU516245|A/Texas/78/2007	2007-12-11
CY025213|A/Texas/UR06_0012/2006	2006-12-20
CY025365|A/Texas/UR06_0025/2007	2007-01-11
CY028323|A/Texas/UR06_0026/2007	2007-01-11
CY028291|A/Texas/UR06_0038/2007	2007-01-16
CY027811|A/Texas/UR06_0039/2007	2007-01-16
CY027659|A/Texas/UR06_0133/2007	2007-01-31
CY036855|A/Texas/UR06_0156/2007	2007-02-05
CY026963|A/Texas/UR06_0157/2007	2007-02-05
CY025955|A/Texas/UR06_0174/2007	2007-02-06
CY026363|A/Texas/UR06_0175/2007	2007-02-06
CY027179|A/Texas/UR06_0176/2007	2007-02-06
CY025683|A/Texas/UR06_0193/2007	2007-02-06
CY026211|A/Texas/UR06_0195/2007	2007-02-06
CY025525|A/Texas/UR06_0196/2007	2007-02-06
CY025397|A/Texas/UR06_0203/2007	2007-02-07
CY027555|A/Texas/UR06_0204/2007	2007-02-07
CY027619|A/Texas/UR06_0216/2007	2007-02-08
CY028315|A/Texas/UR06_0217/2007	2007-02-08
CY028331|A/Texas/UR06_0250/2007	2007-02-12
CY026403|A/Texas/UR06_0270/2007	2007-02-13
CY026347|A/Texas/UR06_0271/2007	2007-02-13
CY026187|A/Texas/UR06_0303/2007	2007-02-15
CY027163|A/Texas/UR06_0305/2007	2007-02-15
CY026267|A/Texas/UR06_0306/2007	2007-02-15
CY026635|A/Texas/UR06_0308/2007	2007-02-15
CY026595|A/Texas/UR06_0309/2007	2007-02-15
CY041442|A/Texas/UR06_0323/2007	2007-02-16
CY027323|A/Texas/UR06_0342/2007	2007-02-19
CY027339|A/Texas/UR06_0357/2007	2007-02-20
CY025691|A/Texas/UR06_0359/2007	2007-02-20
CY025293|A/Texas/UR06_0380/2007	2007-02-21
CY026563|A/Texas/UR06_0397/2007	2007-02-23
CY025389|A/Texas/UR06_0398/2007	2007-02-22
CY028219|A/Texas/UR06_0420/2007	2007-02-26
CY037439|A/Texas/UR06_0422/2007	2007-02-26
CY026387|A/Texas/UR06_0444/2007	2007-02-27
CY027595|A/Texas/UR06_0445/2007	2007-02-27
CY025563|A/Texas/UR06_0461/2007	2007-02-27
CY025445|A/Texas/UR06_0467/2007	2007-03-01
CY026499|A/Texas/UR06_0468/2007	2007-03-01
CY025269|A/Texas/UR06_0502/2007	2007-03-05
CY027883|A/Texas/UR06_0503/2007	2007-03-05
CY025587|A/Texas/UR06_0526/2007	2007-03-06
CY026331|A/Texas/UR06_0540/2007	2007-03-06
CY026339|A/Texas/UR06_0542/2007	2007-03-07
CY025547|A/Texas/UR06_0563/2007	2007-03-07
CY026715|A/Texas/UR06_0582/2007	2007-03-12
CY105126|A/ThaiBinh/TB289/2008	2008-08-04
EF101749|A/Thailand/271/2005	2005-07-14
AB501378|A/Thailand/332/2008	2008-XX-XX
AB501380|A/Thailand/496/2008	2008-XX-XX
AB501381|A/Thailand/500/2007	2007-XX-XX
AB501383|A/Thailand/56/2008	2008-XX-XX
AB501384|A/Thailand/669/2008	2008-XX-XX
AB501385|A/Thailand/778/2008	2008-XX-XX
AB501386|A/Thailand/829/2008	2008-XX-XX
AB501387|A/Thailand/839/2008	2008-XX-XX
EU021264|A/Thailand/CU32/2006	2006-XX-XX
EU021246|A/Thailand/CU41/2006	2006-XX-XX
EU021258|A/Thailand/CU44/2006	2006-XX-XX
EU021254|A/Thailand/CU51/2006	2006-XX-XX
EU021248|A/Thailand/CU53/2006	2006-XX-XX
EU021256|A/Thailand/CU57/2006	2006-XX-XX
EU021250|A/Thailand/CU67/2006	2006-XX-XX
EU021260|A/Thailand/CU68/2006	2006-XX-XX
EU021262|A/Thailand/CU75/2006	2006-XX-XX
EU021252|A/Thailand/CU88/2006	2006-XX-XX
KP637302|A/Thailand/KS07038/2007	2007-10-18
KP637894|A/Thailand/KS07116/2007	2007-12-04
KP637310|A/Thailand/KS07117/2007	2007-12-06
KP637854|A/Thailand/KS08205/2008	2008-10-16
KP637318|A/Thailand/KS08222/2008	2008-11-17
KP637382|A/Thailand/MR07060/2007	2007-10-08
KP637390|A/Thailand/MR07080/2007	2007-10-16
EF568930|A/Thailand/Siriraj_07/2000	2000-XX-XX
JN676132|A/Thailand/Siriraj_Rama_TT/2004	2004-10-15
KP637870|A/Thailand/SN07022/2007	2007-09-20
KP637502|A/Thailand/SN07086/2007	2007-11-07
KP637510|A/Thailand/SN07106/2008	2008-02-11
KP637614|A/Thailand/SP07102/2007	2007-12-25
KP637622|A/Thailand/SP07146/2008	2008-09-18
KP637630|A/Thailand/SP08193/2008	2008-12-29
KP637758|A/Thailand/SS07035/2007	2007-10-01
KP637766|A/Thailand/SS07080/2007	2007-11-12
KP637774|A/Thailand/SS07138/2008	2008-11-04
FJ231775|A/Thueringen/40/2005	2005-XX-XX
CY020573|A/Tientsin/78/1977	1977-XX-XX
CY020485|A/Tonga/14/1984	1984-XX-XX
CY043553|A/Tottori/08T010/2008	2008-12-31
CY075490|A/Tottori/52/2008	2008-XX-XX
CY100916|A/Trujillo/WRAIR1702P/2008	2008-12-28
DQ415316|A/TW/130/96	1996-XX-XX
DQ415317|A/TW/3355/97	1997-XX-XX
DQ415318|A/TW/4845/99	1999-XX-XX
CY090845|A/United_Kingdom/1_MA/1933	1956-06-01
CY045756|A/United_Kingdom/1/1933	1956-04-16
JN540082|A/USA/L3/1947	1970-XX-XX
CY021909|A/USSR/46/1979	1979-XX-XX
CY121878|A/USSR/90/1977	1977-XX-XX
KX879557|A/USSR/90/1977	1977-XX-XX
DQ508897|A/USSR/90/1977	1977-XX-XX
CY010372|A/USSR/90/1977	1977-XX-XX
CY009284|A/USSR/92/1977	1977-XX-XX
EU851990|A/Vermont/01/2008	2008-02-18
GQ466376|A/Vermont/03/2008	2008-12-27
CY026683|A/Vermont/UR06_0035/2007	2007-01-16
CY025301|A/Vermont/UR06_0050/2007	2007-01-22
CY025811|A/Vermont/UR06_0051/2007	2007-01-22
CY025795|A/Vermont/UR06_0089/2007	2007-01-26
CY025651|A/Vermont/UR06_0090/2007	2007-01-26
CY025659|A/Vermont/UR06_0301/2007	2007-02-15
CY037455|A/Vermont/UR06_0330/2007	2007-02-16
CY027187|A/Vermont/UR06_0472/2007	2007-03-01
CY025763|A/Vermont/UR06_0485/2007	2007-03-02
CY026619|A/Vermont/UR06_0511/2007	2007-03-05
CY037463|A/Vermont/UR06_0513/2007	2007-03-02
CY026755|A/Vermont/UR06_0556/2007	2007-03-08
CY026571|A/Vermont/UR06_0573/2007	2007-03-12
CY025819|A/Vermont/UR06_0574/2007	2007-03-11
CY026171|A/Vermont/UR06_0575/2007	2007-03-12
CY025469|A/Vermont/UR06_0576/2007	2007-03-12
CY031386|A/Victoria/07159220/2007	2007-10-03
FJ743475|A/Victoria/07159220/2007	2007-10-03
JX477163|A/Victoria/36/1988	1988-XX-XX
FJ743456|A/Victoria/501/2008	2008-07-10
FJ183466|A/Vienna/414/2007	2007-XX-XX
FJ686962|A/Virginia/03/2008	2008-12-10
GQ475724|A/Virginia/07/2008	2008-12-19
CY027827|A/Virginia/UR06_0075/2007	2007-01-25
CY027995|A/Virginia/UR06_0092/2007	2007-01-29
CY031546|A/Virginia/UR06_0107/2007	2007-01-29
CY025995|A/Virginia/UR06_0109/2007	2007-01-29
CY027755|A/Virginia/UR06_0114/2007	2007-01-30
CY027235|A/Virginia/UR06_0117/2007	2007-01-30
CY026835|A/Virginia/UR06_0139/2007	2007-02-01
CY026939|A/Virginia/UR06_0164/2007	2007-02-05
CY028756|A/Virginia/UR06_0180/2007	2007-02-06
CY031132|A/Virginia/UR06_0228/2007	2007-02-09
CY027027|A/Virginia/UR06_0244/2007	2007-02-12
CY025987|A/Virginia/UR06_0245/2007	2007-02-12
CY026907|A/Virginia/UR06_0254/2007	2007-02-13
CY027971|A/Virginia/UR06_0266/2007	2007-02-13
CY026931|A/Virginia/UR06_0267/2007	2007-02-13
CY027939|A/Virginia/UR06_0295/2007	2007-02-14
CY027643|A/Virginia/UR06_0297/2007	2007-02-14
CY028379|A/Virginia/UR06_0332/2007	2007-02-19
CY028411|A/Virginia/UR06_0346/2007	2007-02-19
CY028155|A/Virginia/UR06_0351/2007	2007-02-20
CY027859|A/Virginia/UR06_0360/2007	2007-02-20
CY028772|A/Virginia/UR06_0361/2007	2007-02-20
CY026915|A/Virginia/UR06_0384/2007	2007-02-21
CY028099|A/Virginia/UR06_0387/2007	2007-02-22
CY027707|A/Virginia/UR06_0549/2007	2007-03-07
CY027651|A/Virginia/UR06_0562/2007	2007-03-08
CY027947|A/Virginia/UR06_0594/2007	2007-03-13
CY011184|A/Waikato/10/2001	2001-05-29
CY016459|A/Waikato/11/2005	2005-08-31
CY013581|A/Waikato/13/2005	2005-09-10
CY011192|A/Waikato/16/2001	2001-06-01
CY019997|A/Waikato/17/2005	2005-08-12
CY013040|A/Waikato/18/2000	2000-10-05
CY011208|A/Waikato/18/2001	2001-06-06
CY011952|A/Waikato/19/2000	2000-10-12
CY011200|A/Waikato/20/2001	2001-06-05
CY011600|A/Waikato/3/2001	2001-04-18
CY011160|A/Waikato/4/2001	2001-05-18
CY017315|A/Waikato/4/2005	2005-08-08
CY011232|A/Waikato/42/2001	2001-06-07
CY011224|A/Waikato/51/2001	2001-06-08
CY011168|A/Waikato/7/2001	2001-05-23
CY011392|A/Waikato/80/2001	2001-06-21
CY016435|A/Waikato/92/2001	2001-06-07
EU716598|A/Washington/01/2008	2008-01-10
FJ532073|A/Washington/05/2008	2008-07-23
FJ532083|A/Washington/06/2008	2008-02-18
FJ686983|A/Washington/08/2008	2008-11-02
FJ686964|A/Washington/10/2008	2008-11-08
EU516089|A/Washington/27/2007	2007-10-04
EU516303|A/Washington/28/2007	2007-11-06
EU516081|A/Washington/28/2007	2007-11-06
EU516253|A/Washington/33/2007	2007-12-14
EU516238|A/Washington/34/2007	2007-12-19
EU516301|A/Washington/40/2007	2007-12-27
CY037327|A/Washington/AF06/2007	2008-01-10
CY009452|A/Weiss/43	1966-XX-XX
CY147366|A/Weiss/JY2/1943	1966-XX-XX
CY011152|A/Wellington/1/2001	2001-05-10
CY013557|A/Wellington/10/2005	2005-09-06
CY012600|A/Wellington/11/2000	2000-08-23
CY014007|A/Wellington/11/2005	2005-09-08
CY013565|A/Wellington/12/2005	2005-09-13
CY013589|A/Wellington/13/2005	2005-09-20
CY016196|A/Wellington/14/2000	2000-09-06
CY015580|A/Wellington/14/2005	2005-10-05
CY012608|A/Wellington/16/2000	2000-09-04
CY012304|A/Wellington/17/2001	2001-06-28
CY013032|A/Wellington/18/2000	2000-09-07
CY010996|A/Wellington/2/2000	2000-06-19
CY016971|A/Wellington/24/2000	2000-09-29
CY011240|A/Wellington/28/2001	2001-07-30
CY011004|A/Wellington/3/2000	2000-06-19
CY011176|A/Wellington/3/2001	2001-05-29
CY011608|A/Wellington/32/2001	2001-07-23
CY021629|A/Wellington/4/2000	2000-07-05
CY125036|A/Wellington/47/1992	1992-XX-XX
JX477164|A/Wellington/47/1992	1992-XX-XX
CY011012|A/Wellington/5/2000	2000-07-24
CY020509|A/Wellington/6/2000	2000-07-25
CY012296|A/Wellington/7/2000	2000-XX-XX
CY011216|A/Wellington/9/2001	2001-06-18
CY011072|A/West_Coast/31/2001	2001-07-02
CY010404|A/West_Coast/33/2001	2001-07-03
CY020269|A/Western_Australia/18/2001	2001-06-19
CY020277|A/Western_Australia/19/2001	2001-07-17
CY019923|A/Western_Australia/20/2001	2001-07-03
CY020421|A/Western_Australia/21/2001	2001-08-22
CY020429|A/Western_Australia/22/2001	2001-09-06
CY020157|A/Western_Australia/77/2005	2005-08-09
U53162|A/Wisconsin/4754/1994	1994-XX-XX
U53163|A/Wisconsin/4755/1994	1994-XX-XX
CY009604|A/Wilson_Smith/1933	1956-XX-XX
DQ508905|A/Wilson_Smith/1933	1956-XX-XX
EU100710|A/Wisconsin/01/2007	2007-02-01
EU887030|A/Wisconsin/01/2008	2008-01-28
FJ549068|A/Wisconsin/12/2008	2008-11-03
FJ687031|A/Wisconsin/16/2008	2008-11-16
FJ686954|A/Wisconsin/17/2008	2008-12-05
GQ475701|A/Wisconsin/20/2008	2008-12-25
EU100711|A/Wisconsin/24/2006	2006-12-09
CY177464|A/Wisconsin/263/1976	1976-XX-XX
CY026139|A/Wisconsin/301/1976	1976-XX-XX
CY178719|A/Wisconsin/301/1976	1976-XX-XX
EU566990|A/Wisconsin/35/2007	2007-12-05
EU851978|A/Wisconsin/36/2007	2007-12-30
EU100712|A/Wisconsin/37/2006	2006-12-19
EU199309|A/Wisconsin/49/2006	2006-12-29
U08904|A/WS/1933	1956-XX-XX
HE802059|A/WSN/1933	1956-XX-XX
CY010788|A/WSN/1933_TS61	1956-XX-XX
CY034132|A/WSN/1933	1956-XX-XX
EU779622|A/Wyoming/10/2008	2008-02-14
HM144139|A/Yazd/144/2006	2006-01-08
CY043561|A/Yokohama/78/2008	2008-02-28
